ID;External ID;Status;Network;Category;Service Name;Target Type;Custom Data Type;Price;Legal Risk Flag
cmqqaqx3h0007d2qznxq6rca4;1047;Active;TELEGRAM;⭐ Звезды (Telegram Stars);"1047. Звезды (Stars) ⭐️ в профиль";CUSTOM;NONE;42.63012048192771;No
cmqqaqx4v000jd2qza12aa754;27808;Active;TELEGRAM;⭐ Звезды (Telegram Stars);"IMDB Рейтинг [10 Звезд | Живые | 0-1/Ч | 1-50/Д | Списания Возможны | Без Гарантии]";CUSTOM;NONE;244.2375903614458;No
cmqqaqx390005d2qz0e4d3kw0;32117;Active;TELEGRAM;⭐ Звезды (Telegram Stars);"TG Звезды [Пост | 0-24/Ч | 50К/Д | Без Списаний | Без Гарантии]";CUSTOM;NONE;17.98361445783133;No
cmqqaqx300003d2qz0umxpgqs;31618;Active;TELEGRAM;⭐ Звезды (Telegram Stars);"TG Звезды [Профиль | 0-12/Ч | 100К/Д | Без Списаний | Без Гарантии]";CUSTOM;NONE;17.98361445783133;No
cmqqaqx3o0009d2qzgmsw8g6o;38605;Active;TELEGRAM;⭐ Звезды (Telegram Stars);"Telegram (TG) | Покупка ⭐️ Stars [Для профиля] [Auto]";CUSTOM;NONE;22.1;No
cmqqaqx4g000fd2qzuukwa2cq;2107;Active;TELEGRAM;⭐ Звезды (Telegram Stars);"Telegram Звезды на профиль";CUSTOM;NONE;1673.12265060241;No
cmqqaqx3w000bd2qzz6d6ir4m;476;Active;TELEGRAM;⭐ Звезды (Telegram Stars);"Рейтинг Apple Music [4/5 Звезд | 0-12/Ч | 10-100/Д | Списания Возможны | Гарантия 90Д]";CUSTOM;NONE;1728;No
cmqqaqx2f0001d2qz45tf38vc;1668;Active;TELEGRAM;⭐ Звезды (Telegram Stars);"ᴛɢ ⭐ Stars на пост";CUSTOM;NONE;18.51807228915663;No
cmqqaqx47000dd2qzc1j5i2qe;1669;Active;TELEGRAM;⭐ Звезды (Telegram Stars);"ᴛɢ 🎁 Подарок на аккаунт/канал за 15 звёзд";CUSTOM;NONE;578.3132530120482;No
cmqqaqx4n000hd2qzw2091pkj;1676;Active;TELEGRAM;⭐ Звезды (Telegram Stars);"ᴛɢ 🎁 Подарок на аккаунт/канал за 25 звёзд";CUSTOM;NONE;963.855421686747;No
cmqqaqx65000vd2qz12yyohxs;763;Active;TELEGRAM;🎭 Реакции / Эмодзи;"763. TG. Реакции на пост (👍🤩🎉🔥❤️) ⭐⭐⭐";POST;NONE;0.144578313253012;No
cmqqaqx6y0013d2qzk5q7bw7e;33279;Active;TELEGRAM;🎭 Реакции / Эмодзи;"TG Реакции [❤️ | Приватный Канал | 1 Пост | 0-1/Ч | 1К/Д | Списания Возможны | Без Гарантии]";POST;NONE;0.2560240963855422;No
cmqqaqx5o000rd2qz75risynn;720;Active;TELEGRAM;🎭 Реакции / Эмодзи;"TG Реакции [💯🤔 | 1 Пост | 0-2/Ч | 10К/Д | Списания Возможны | Без Гарантии]";POST;NONE;0.01506024096385542;No
cmqqaqx52000ld2qzxkmo0xs3;31289;Active;TELEGRAM;🎭 Реакции / Эмодзи;"Telegram (TG) | Реакции [Драйв Пак: 🎉 🔥 💯 👏 ❤️ 👍]";POST;NONE;0.2;No
cmqqaqx5g000pd2qz98j1wh1g;36995;Active;TELEGRAM;🎭 Реакции / Эмодзи;"Telegram (TG) | Реакции [Импульс Успеха: 🤩 🏆 ❤️ 🙏 🎉 💯]";POST;NONE;0.2;No
cmqqaqx59000nd2qznvdjjwl7;36996;Active;TELEGRAM;🎭 Реакции / Эмодзи;"Telegram (TG) | Реакции [Огненный Хайп: 🥰 🔥 🎉 💯 😍 ❤️‍🔥]";POST;NONE;0.2;No
cmqqaqx6j000zd2qzvs6zaaic;2353;Active;TELEGRAM;🎭 Реакции / Эмодзи;"Telegram Реакции позитивные [👍🤩🎉🔥❤️🥰👏🏻] [Лучшая цена!]";POST;NONE;0.8744578313253012;No
cmqqaqx6q0011d2qzthepqjt1;30442;Active;TELEGRAM;🎭 Реакции / Эмодзи;"Telegram — Живые реакции на 1 пост (👍 ❤️ 🔥 🎉)";POST;NONE;1;No
cmqqaqx6c000xd2qzwoipcnnc;33046;Active;TELEGRAM;🎭 Реакции / Эмодзи;"Telegram — Реакции на 5 последних постов (👍😍👏🔥🎉❤️🥰😁)";CHANNEL_POSTS;NONE;3.82;No
cmqqaqx5w000td2qzwcrx0j3c;1235;Active;TELEGRAM;🎭 Реакции / Эмодзи;"🌟 Telegram Микс позитивных реакций 👍❤️🔥🥰👏😁🎉🤩[Premium Аккаунты]";POST;NONE;9.194698795180722;No
cmqqaqx7c0017d2qzduis9hxl;1053;Active;TELEGRAM;👁 Просмотры / Охват;"1053. TG Просмотры РФ для ТОПа - Из Поиска🔝⭐⭐⭐";POST;NONE;0.2043373493975904;No
cmqqaqx740015d2qz462yt7ip;297;Active;TELEGRAM;👁 Просмотры / Охват;"297. TG просмотры [Дешевые]";POST;NONE;0.02542168674698795;No
cmqqaqx8s001ld2qzxesas8w9;422;Active;TELEGRAM;👁 Просмотры / Охват;"TG Просмотры  [Последние 5 постов | Быстрые | 0-6/Ч | Списания Возможны | Без Гарантии]";CHANNEL_POSTS;NONE;0.1942168674698795;No
cmqqaqx8d001hd2qzzofvpfnv;145;Active;TELEGRAM;👁 Просмотры / Охват;"TG Просмотры [1 Пост | Живые | Россия | 0-1/Ч | 10K/Д | Со статистикой | Без Гарантии]";POST;NONE;0.03096385542168675;No
cmqqaqx90001nd2qzgl3zf833;2661;Active;TELEGRAM;👁 Просмотры / Охват;"Telegram Просмотры поста [Крупные заказы][Сервер: 1]";POST;NONE;0.2149397590361446;No
cmqqaqx8l001jd2qz12z98fqy;2498;Active;TELEGRAM;👁 Просмотры / Охват;"Telegram Просмотры поста [Медленные]";POST;NONE;0.08734939759036145;No
cmqqaqx7y001dd2qzy0536oj8;33140;Active;TELEGRAM;👁 Просмотры / Охват;"Telegram — Просмотры на 25 будущих постов (🇷🇺 Россия)";CHANNEL_POSTS;NONE;6.25;No
cmqqaqx7j0019d2qz33326dyu;31920;Active;TELEGRAM;👁 Просмотры / Охват;"Telegram — Просмотры постов (🇷🇺 Россия) / 👁️⚡️ Быстрые";POST;NONE;0.2;No
cmqqaqx85001fd2qzik0efffm;32855;Active;TELEGRAM;👁 Просмотры / Охват;"Telegram — Просмотры постов / 👁️🛡️ Стабильные";POST;NONE;0.05;No
cmqqaqx7q001bd2qz7alreia4;38;Active;TELEGRAM;👁 Просмотры / Охват;"👁 Telegram POST VIEWS";POST;NONE;0.01;No
cmqqaqx9e001rd2qzqbwy1fgj;32189;Active;TELEGRAM;👥 Вступление в группы / чаты;"TG Инвайт [Новая Группа | 0-24/Ч | Быстрое Выполнение]";CHANNEL;NONE;154.2553012048193;No
cmqqaqx97001pd2qz5l8w2s4i;32188;Active;TELEGRAM;👥 Вступление в группы / чаты;"TG Инвайт [Новая Группа | 0-24/Ч | Плавное Выполнение]";CHANNEL;NONE;154.2553012048193;No
cmqqaqx9s001vd2qz7lfdg1ac;32191;Active;TELEGRAM;👥 Вступление в группы / чаты;"TG Инвайт [Старая Группа | 0-24/Ч | Быстрое Выполнение]";CHANNEL;NONE;154.2553012048193;No
cmqqaqx9l001td2qz5j1v2jxw;32190;Active;TELEGRAM;👥 Вступление в группы / чаты;"TG Инвайт [Старая Группа | 0-24/Ч | Плавное Выполнение]";CHANNEL;NONE;102.8368674698795;No
cmqqaqx9z001xd2qzrvag24iw;32187;Active;TELEGRAM;👥 Вступление в группы / чаты;"TG Парсинг аккаунтов [Канал/Группа | 0-24/Ч]";CHANNEL;NONE;2570.922048192771;No
cmqqaqxb60029d2qz0q11spv0;786;Active;TELEGRAM;👨‍👩‍👧‍👦 Подписчики / Участники;"786. TG Подписчики РФ [Гарантия 60 Дней]⭐⭐⭐";CHANNEL;NONE;3.734939759036144;No
cmqqaqxaz0027d2qzvorb9zk8;830;Active;TELEGRAM;👨‍👩‍👧‍👦 Подписчики / Участники;"830. TG РУ подписчики в бот (клики на старт)";CHANNEL;NONE;0.4536144578313253;No
cmqqaqxbu002fd2qzmvq79agi;26404;Active;TELEGRAM;👨‍👩‍👧‍👦 Подписчики / Участники;"TG Подписчики [Канал/Группа | HQ | 0-1/Ч | 4К/Д | Списания Возможны | Гарантия 90Д]";CHANNEL;NONE;0.4013253012048193;No
cmqqaqxc2002hd2qzsit9busj;28239;Active;TELEGRAM;👨‍👩‍👧‍👦 Подписчики / Участники;"TG Подписчики [Русские Ники | Канал/Группа | 0-1/Ч | 20К/Д | Без Списаний | Гарантия 180Д]";CHANNEL;NONE;4.081204819277109;No
cmqqaqxa6001zd2qzprn7ls7u;34394;Active;TELEGRAM;👨‍👩‍👧‍👦 Подписчики / Участники;"Telegram | Подписчики [Русские профили / AI] [♻️ 3 Days Warranty]";CHANNEL;NONE;0.8;No
cmqqaqxad0021d2qzhy0lci0h;35651;Active;TELEGRAM;👨‍👩‍👧‍👦 Подписчики / Участники;"Telegram | Подписчики [Русские профили / AI] [♻️ 45 Days Warranty]";CHANNEL;NONE;4.53;No
cmqqaqxal0023d2qzvtm5052i;2323;Active;TELEGRAM;👨‍👩‍👧‍👦 Подписчики / Участники;"Telegram Подписчики [Гарантия - 3 дня♻️] [Кнопка восстановления] [Крупные списания⛔️]";CHANNEL;NONE;7.3;No
cmqqaqxas0025d2qzttaqzxbm;1518;Active;TELEGRAM;👨‍👩‍👧‍👦 Подписчики / Участники;"Telegram Подписчики [Гарантия 360♻️] [Быстрые]";CHANNEL;NONE;84.96024096385543;No
cmqqaqxbe002bd2qzbx5wvc6w;79;Active;TELEGRAM;👨‍👩‍👧‍👦 Подписчики / Участники;"🇮🇳 Telegram Members India HQ | [Non Drop 3 days]";CHANNEL;NONE;0.21;No
cmqqaqxbl002dd2qzcvw45b7h;63;Active;TELEGRAM;👨‍👩‍👧‍👦 Подписчики / Участники;"💎 Telegram PREMIUM Members + Online | 10 days";CHANNEL;NONE;3.84;No
cmqqaqxch002ld2qzpm82mbi4;1762;Active;TELEGRAM;💎 Premium Подписчики;"Telegram Premium Участники [10 Дней] [Сервер: 1]";CHANNEL;NONE;509.7619277108433;No
cmqqaqxdx002zd2qzum125uk4;2001;Active;TELEGRAM;💎 Premium Подписчики;"Telegram Premium Участники [3 Дня] [Сервер: 1]";CHANNEL;NONE;203.9048192771084;No
cmqqaqxe30031d2qzpdfu1j6e;1523;Active;TELEGRAM;💎 Premium Подписчики;"Telegram Premium Участники [30 Дней + Из поиска] [Сервер: 2]";CHANNEL;NONE;1024.499156626506;No
cmqqaqxca002jd2qz2ukp998k;35778;Active;TELEGRAM;💎 Premium Подписчики;"Telegram — Премиум‑звёзды для поста";CHANNEL;NONE;43.49903614457831;No
cmqqaqxdj002vd2qz7u3ehwqc;2078;Active;TELEGRAM;💎 Premium Подписчики;"🇨🇳 Telegram Premium Участники [Китай] из поиска";CHANNEL;NONE;3505.460963855422;No
cmqqaqxdp002xd2qzlikc8u03;2076;Active;TELEGRAM;💎 Premium Подписчики;"🇮🇹 Telegram Premium Участники [Италия]";CHANNEL;NONE;3505.460963855422;No
cmqqaqxdb002td2qzazcil146;2075;Active;TELEGRAM;💎 Premium Подписчики;"🇮🇹 Telegram Premium Участники [Италия] из поиска";CHANNEL;NONE;3505.460963855422;No
cmqqaqxd4002rd2qzrho6i61t;2074;Active;TELEGRAM;💎 Premium Подписчики;"🇹🇷 Telegram Premium Участники [Турция]";CHANNEL;NONE;1869.579156626506;No
cmqqaqxco002nd2qzhiaym4sn;2073;Active;TELEGRAM;💎 Premium Подписчики;"🇹🇷 Telegram Premium Участники [Турция] из поиска";CHANNEL;NONE;3505.460963855422;No
cmqqaqxcw002pd2qzaf15flwb;2067;Active;TELEGRAM;💎 Premium Подписчики;"🇺🇿 Telegram Premium Участники [Узбекистан] [По ссылке]";CHANNEL;NONE;1869.579156626506;No
cmqqaqxgz003ld2qzsc4b39lp;563;Active;TELEGRAM;📢 Репосты / Поделиться;"563. TG Репосты на пост";POST;NONE;0.1204819277108434;No
cmqqaqxeq0037d2qz7n2x0pdj;26966;Active;TELEGRAM;📢 Репосты / Поделиться;"TG Репост [1 Пост | HQ | 0-30/М | 12К/Д | Списания Возможны | Без Гарантии]";POST;NONE;0.08;No
cmqqaqxey0039d2qzhmtk8ftv;2312;Active;TELEGRAM;📢 Репосты / Поделиться;"Telegram Поделиться [Репост] [Микс]";POST;NONE;2.208795180722892;No
cmqqaqxgi003hd2qzzz60kv9e;31376;Active;TELEGRAM;📢 Репосты / Поделиться;"Telegram — Живые репосты 1 поста";POST;NONE;0.23;No
cmqqaqxe90033d2qzcrtjxtox;31372;Active;TELEGRAM;📢 Репосты / Поделиться;"Telegram — Репосты 1 поста (🇷🇺 Россия)";POST;NONE;0.04698795180722892;No
cmqqaqxei0035d2qz94ojw4uh;30068;Active;TELEGRAM;📢 Репосты / Поделиться;"Telegram — Репосты 1 поста (🇺🇸 США)";POST;NONE;0.04698795180722892;No
cmqqaqxgq003jd2qzgh5gtl2r;33087;Active;TELEGRAM;📢 Репосты / Поделиться;"Telegram — Репосты на 10 последних постов";CHANNEL_POSTS;NONE;3;No
cmqqaqxfe003dd2qze9ak9a8w;2314;Active;TELEGRAM;📢 Репосты / Поделиться;"🇩🇪 Telegram Поделиться [Репост] [Германия]";POST;NONE;4.673855421686747;No
cmqqaqxf6003bd2qzwedfbbdt;2313;Active;TELEGRAM;📢 Репосты / Поделиться;"🇮🇹 Telegram Поделиться [Репост] [Италия]";POST;NONE;4.673855421686747;No
cmqqaqxga003fd2qz3vtvwoz2;2315;Active;TELEGRAM;📢 Репосты / Поделиться;"🇹🇷 Telegram Поделиться [Репост] [Турция]";POST;NONE;4.673855421686747;No
cmqqaqxii003zd2qzibgpht31;564;Active;TELEGRAM;📱 Сториз / Истории;"564. TG Реакции на Истории";STORY;NONE;0.1807228915662651;No
cmqqaqxip0041d2qzwu8cabh0;28765;Active;TELEGRAM;📱 Сториз / Истории;"TG Просмотры + Лайки [Истории | Микс | HQ | 0-1/Ч | 50К/Д | Списания Возможны | Без Гарантии]";STORY;NONE;1.35;No
cmqqaqxi3003vd2qzj0kx3b7r;24925;Active;TELEGRAM;📱 Сториз / Истории;"TG Просмотры [Истории | Канал | HQ | 0-1/Ч | 50К/Д | Списания Возможны | Без Гарантии]";STORY;NONE;0.1169879518072289;No
cmqqaqxib003xd2qzyk4k4w8a;32108;Active;TELEGRAM;📱 Сториз / Истории;"TG Просмотры [Истории | Микс | HQ | 0-1/Ч | 50К/Д | Списания Возможны | Без Гарантии]";STORY;NONE;0.1092771084337349;No
cmqqaqxix0043d2qz93li6oly;1904;Active;TELEGRAM;📱 Сториз / Истории;"Telegram Просмотры Историй";STORY;NONE;5.842409638554217;No
cmqqaqxhn003rd2qz224hh02k;30066;Active;TELEGRAM;📱 Сториз / Истории;"Telegram — Живые просмотры для 1 истории";STORY;NONE;0.26;No
cmqqaqxh7003nd2qzuqpvl897;31927;Active;TELEGRAM;📱 Сториз / Истории;"Telegram — Моментальные просмотры для 1 истории";STORY;NONE;0.26;No
cmqqaqxhv003td2qzo50xc8ga;35893;Active;TELEGRAM;📱 Сториз / Истории;"Telegram — Реакции на 1 историю канала (❤️)";STORY;NONE;0.75;No
cmqqaqxhf003pd2qzq4vaah0j;30633;Active;TELEGRAM;📱 Сториз / Истории;"Telegram — Региональные просмотры для 1 истории (🇺🇸 США)";STORY;NONE;0.43;No
cmqqaqxj50045d2qzwzfcm4ku;1240;Active;TELEGRAM;📱 Сториз / Истории;"🌟Telegram - Просмотры историй l Premium Аккаунты l Для поисковой оптимизации";STORY;NONE;25.54084337349397;No
cmqqaqxk7004fd2qzl7g654mp;1193;Active;TELEGRAM;🔄 Автопросмотры;"1193. TG Подписка на просмотры РФ в Закрытый канал (Автопросмотры) 10 будущих постов🖼️";CHANNEL_POSTS;NONE;0.7228915662650602;No
cmqqaqxkz004nd2qz66vrzabx;1218;Active;TELEGRAM;🔄 Автопросмотры;"1218. TG Подписчики РФ + Автопросмотры [30 дней] - Открытые+Закрытые каналы";CHANNEL_POSTS;NONE;18.14457831325301;No
cmqqaqxjv004dd2qz2x5orv3j;666;Active;TELEGRAM;🔄 Автопросмотры;"666. TG Подписка на просмотры РФ (Автопросмотры) 10 будущих постов🖼️";CHANNEL_POSTS;NONE;0.7228915662650602;No
cmqqaqxke004hd2qzchlj5pf8;34204;Active;TELEGRAM;🔄 Автопросмотры;"TG Подписчики [Авто Просмотры Постов | Канал | 0-1/Ч | 100К/Д | Без Списаний | Гарантия 30Д]";CHANNEL_POSTS;NONE;7.6;No
cmqqaqxkl004jd2qz7zzcf181;34217;Active;TELEGRAM;🔄 Автопросмотры;"TG Подписчики [Авто Просмотры Постов | Канал | 0-1/Ч | 100К/Д | Без Списаний | Гарантия 60Д]";CHANNEL_POSTS;NONE;15.2;No
cmqqaqxks004ld2qzi7pwuoid;3018;Active;TELEGRAM;🔄 Автопросмотры;"Telegram Авто - Просмотры - 5 Будущих постов [Для закрытых каналов]";CHANNEL_POSTS;NONE;35.05457831325302;No
cmqqaqxl6004pd2qzgaxqo0e8;3059;Active;TELEGRAM;🔄 Автопросмотры;"🔥Telegram Подписчики + Авто Просмотры от подписчиков [Россия] [30 дней]";CHANNEL_POSTS;NONE;605.1632530120482;No
cmqqaqxjd0047d2qzvuiox4to;35;Active;TELEGRAM;🔄 Автопросмотры;"🧍‍♂️ Telegram Members | Auto view - NEW POST | 30 days 👁";CHANNEL_POSTS;NONE;5;No
cmqqaqxjj0049d2qzyqfn2kxz;36;Active;TELEGRAM;🔄 Автопросмотры;"🧍‍♂️ Telegram Members | Auto view - NEW POST | 60 days 👁";CHANNEL_POSTS;NONE;10;No
cmqqaqxjp004bd2qzz8150yre;37;Active;TELEGRAM;🔄 Автопросмотры;"🧍‍♂️ Telegram Members | Auto view - NEW POST | 90 days 👁";CHANNEL_POSTS;NONE;15;No
cmqqaqxls004vd2qz9vpjqsyv;33100;Active;TELEGRAM;🔄 Авторепосты;"Telegram — Репосты на 10 будущих постов";CHANNEL_POSTS;NONE;3.19;No
cmqqaqxlk004td2qzo8efjj2l;33101;Active;TELEGRAM;🔄 Авторепосты;"Telegram — Репосты на 15 будущих постов";CHANNEL_POSTS;NONE;4.78;No
cmqqaqxld004rd2qzyfw5vkax;33099;Active;TELEGRAM;🔄 Авторепосты;"Telegram — Репосты на 5 будущих постов";CHANNEL_POSTS;NONE;1.6;No
cmqqaqxme004zd2qzn9e2duof;2320;Active;TELEGRAM;🔄 Авторепосты;"🇷🇺 Telegram Поделиться [Репост] [Россия] [50 Будущих постов]";CHANNEL_POSTS;NONE;350.5461445783133;No
cmqqaqxm7004xd2qzq0ia6qy0;2319;Active;TELEGRAM;🔄 Авторепосты;"🇺🇸 Telegram Поделиться [Репост] [США] [50 Будущих постов]";CHANNEL_POSTS;NONE;350.5461445783133;No
cmqqaqxmz0055d2qz8h91j771;1004;Active;TELEGRAM;🔗 Рефералы (Apps/Bots);"1004. TG Рефералы - ПАК ИГР #1 - СПИСОК В ОПИСАНИИ";CHANNEL;NONE;240.9638554216868;No
cmqqaqxne0059d2qzvuza8tuf;1005;Active;TELEGRAM;🔗 Рефералы (Apps/Bots);"1005. TG Рефералы - ПАК ИГР #2 - СПИСОК В ОПИСАНИИ";CHANNEL;NONE;361.4457831325301;No
cmqqaqxn70057d2qzzy271d4g;1006;Active;TELEGRAM;🔗 Рефералы (Apps/Bots);"1006. TG Рефералы - ПАК ИГР #3 - СПИСОК В ОПИСАНИИ";CHANNEL;NONE;542.1686746987951;No
cmqqaqxms0053d2qzcyzod87g;32873;Active;TELEGRAM;🔗 Рефералы (Apps/Bots);"TG Рефералы [Bee Harvest | 0-1/Ч | 10К/Д | Списания Возможны | Без Гарантии]";CHANNEL;NONE;46.00590361445783;No
cmqqaqxml0051d2qz9n2k0f6a;32859;Active;TELEGRAM;🔗 Рефералы (Apps/Bots);"TG Рефералы [Headcoin | 0-1/Ч | 10К/Д | Списания Возможны | Без Гарантии]";CHANNEL;NONE;46.00590361445783;No
cmqqaqxnl005bd2qzrs3n0rlx;2258;Active;TELEGRAM;🔗 Рефералы (Apps/Bots);"Telegram Рефералы для @UltimaBulls_com_bot (Ultima Bulls Referrals)";CHANNEL;NONE;4456.247228915663;No
cmqqaqxnt005dd2qzhmezri1n;34479;Active;TELEGRAM;🔴 Стримы;"Telegram — Репорты о нарушениях / нарушающем контенте (Подозрительный контент | Без отчёта)";POST;NONE;50;No
cmqqaqxp1005pd2qzqschgex2;1020;Active;TELEGRAM;🤖 Роботы / Боты;"1020. TG PREMIUM старты в бот [25-30 дней]";CHANNEL;NONE;10.6866265060241;No
cmqqaqxpm005vd2qzngp1opwr;33508;Active;TELEGRAM;🤖 Роботы / Боты;"TG Бот Старт [Активные | Премиум Аккаунты | Россия | 0-1/Ч | 5К/Д | Списания Возможны | Гарантия 30Д]";CHANNEL;NONE;7.98;No
cmqqaqxp8005rd2qzxu1wn2cg;26716;Active;TELEGRAM;🤖 Роботы / Боты;"TG Бот Старт [Быстрые | 0-1/Ч | 10К/Д | Списания Возможны | Без гарантии]";CHANNEL;NONE;0.4950602409638555;No
cmqqaqxo8005hd2qz19q0zow5;34002;Active;TELEGRAM;🤖 Роботы / Боты;"Telegram | Активации бота (Start) [Поддержка реф. ссылок]";CHANNEL;NONE;0.72;No
cmqqaqxog005jd2qzmz6onold;36007;Active;TELEGRAM;🤖 Роботы / Боты;"Telegram | Активации бота (Start) [Поддержка реф. ссылок] [🇷🇺 Россия]";CHANNEL;NONE;0.7000000000000001;No
cmqqaqxo1005fd2qzassk09cl;38414;Active;TELEGRAM;🤖 Роботы / Боты;"Telegram | Активации бота (Start) [Тех. запуск] [Без рефила]";CHANNEL;NONE;0.32;No
cmqqaqxou005nd2qzm8066wxc;38412;Active;TELEGRAM;🤖 Роботы / Боты;"Telegram | Активации бота (⭐️ Premium Users) [5-15 дней активности ♻️ Гарантия] [On-Line]";CHANNEL;NONE;7.760000000000001;No
cmqqaqxpt005xd2qz7mz21m2k;34456;Active;TELEGRAM;🤖 Роботы / Боты;"Telegram | Рефералы в бот [👤 Живые] [♻️ Гарантия 30 дней] [Медленные]";CHANNEL;NONE;157.26;No
cmqqaqxpf005td2qz7gtv4msw;1753;Active;TELEGRAM;🤖 Роботы / Боты;"Запуск бота [Принимает реферальный код] [Быстрый старт]";CHANNEL;NONE;13;No
cmqqaqxon005ld2qz4wy3jrka;2514;Active;TELEGRAM;🤖 Роботы / Боты;"🌟🤖Telegram Запуск бота Premium Аккаунты [30 дней] [С Активностью]";CHANNEL;NONE;525.819156626506;No
cmqqaqxq90061d2qzv237cp8d;34164;Active;TELEGRAM;🤝 Заявки в друзья;"TG Random Beast [Участие | Живые | 0-1/Ч | 100/Д | Списания Возможны | Без Гарантии]";CHANNEL;NONE;51.41843373493975;No
cmqqaqxq1005zd2qzr60n9stw;34483;Active;TELEGRAM;🤝 Заявки в друзья;"Telegram — Репорты о нарушениях / нарушающем контенте (Другое | Без отчёта)";CHANNEL;NONE;50;No
cmqqaqxrg006dd2qz7m8xi9tq;922;Active;TELEGRAM;🚀 Бусты (Telegram Levels);"922. TG PREMIUM Boost/Буст [7 дней] - База #1";CHANNEL;NONE;180.5133734939759;No
cmqqaqxr10069d2qzn3l5b1cr;928;Active;TELEGRAM;🚀 Бусты (Telegram Levels);"928. TG PREMIUM Boost/Буст [1 день] - База #1";CHANNEL;NONE;40.43506024096386;No
cmqqaqxs2006jd2qzv7uwui9m;28021;Active;TELEGRAM;🚀 Бусты (Telegram Levels);"TG Буст [Канал | 1 День | 0-6/Ч | 10К/Д | Списания Возможны | Без Гарантии]";CHANNEL;NONE;27.36;No
cmqqaqxsa006ld2qzfov79ms6;28023;Active;TELEGRAM;🚀 Бусты (Telegram Levels);"TG Буст [Канал | 7-15 Дней | 0-6/Ч | 10К/Д | Списания Возможны | Без Гарантии]";CHANNEL;NONE;228;No
cmqqaqxqg0063d2qzos2me2xd;35261;Active;TELEGRAM;🚀 Бусты (Telegram Levels);"Telegram (TG) | Реакции [Признательный буст: 👍 🙏]";CHANNEL;NONE;0.2;No
cmqqaqxrn006fd2qz05ryn6iv;35248;Active;TELEGRAM;🚀 Бусты (Telegram Levels);"Telegram | Бусты для канала [15 Дней]";CHANNEL;NONE;155.68;No
cmqqaqxqu0067d2qz61vvsmkc;1479;Active;TELEGRAM;🚀 Бусты (Telegram Levels);"ᴛɢ Моментальные бусты для канала на 14 дней ( публичные каналы )";CHANNEL;NONE;186.4096385542169;No
cmqqaqxqn0065d2qzno8slps2;1401;Active;TELEGRAM;🚀 Бусты (Telegram Levels);"ᴛɢ Премиум просмотры на 5 постов";CHANNEL;NONE;0.6265060240963856;No
cmqqaqxr8006bd2qz589x5op4;76;Active;TELEGRAM;🚀 Бусты (Telegram Levels);"⚡️BOOST channel | 1+ days";CHANNEL;NONE;18;No
cmqqaqxrv006hd2qz8nudm5xt;74;Active;TELEGRAM;🚀 Бусты (Telegram Levels);"⚡️BOOST channel | 14+ days";CHANNEL;NONE;160;No
cmqqaqxsq006pd2qzpycyc538;34480;Active;TELEGRAM;🚫 Жалобы / Reports;"Telegram — Репорты о нарушениях / нарушающем контенте (Насилие | Без отчёта)";POST;NONE;50;No
cmqqaqxsh006nd2qzxo6nw0o1;34478;Active;TELEGRAM;🚫 Жалобы / Reports;"Telegram — Репорты о нарушениях / нарушающем контенте (Спам | Без отчёта)";POST;NONE;50;YES (Risk)
cmqqaqxte006vd2qzq17z7f50;929;Active;VK;❤️ Лайки / Нравится;"VK Лайки [0-1/Ч | 200/Д | Списания Возможны | Без Гарантии]";POST;NONE;0.6940963855421687;No
cmqqaqxt6006td2qzusiy5wjc;630;Active;VK;❤️ Лайки / Нравится;"VK Лайки [LQ | 0-1/Ч | 200/Д | Списания Возможны | Без Гарантии]";POST;NONE;0.3960240963855421;No
cmqqaqxsy006rd2qzagrkcuip;129;Active;VK;❤️ Лайки / Нравится;"VK Лайки [MQ | Любые Ссылки |  0-1/Ч | 5К/Д | Списания Возможны | Гарантия 30Д]";POST;NONE;0.6246987951807229;No
cmqqaqxua0073d2qzd8i7s9cv;24045;Active;VK;❤️ Лайки / Нравится;"VK Лайки [Живые | 0-6/Ч| 1К/Д | Возможны Списания | Без Гарантии]";POST;NONE;2.827951807228916;No
cmqqaqxtl006xd2qzjzowgz5y;936;Active;VK;❤️ Лайки / Нравится;"VK Лайки [СНГ | MQ | 1-24/Ч | 1К/Д | Возможны Списания | Без Гарантии]";POST;NONE;0.9833734939759037;No
cmqqaqxui0075d2qz1eldxlzz;1722;Active;VK;❤️ Лайки / Нравится;"VK Лайки на посты [Медленные]";POST;NONE;18.93746987951807;No
cmqqaqxu20071d2qz5m4esh44;2783;Active;VK;❤️ Лайки / Нравится;"VK Лайки на посты [СНГ] [Быстрые]";POST;NONE;117;No
cmqqaqxtv006zd2qz7n6xa5q9;34800;Active;VK;❤️ Лайки / Нравится;"VK.com | Лайки";POST;NONE;0.53;No
cmqqaqxv10079d2qznu2bzbey;41038;Active;VK;❤️ Лайки / Нравится;"ВКонтакте | Лайк + Подписка [Пакет] [👤 Живые]";CHANNEL_POSTS;NONE;90;No
cmqqaqxur0077d2qz85xeg96y;34801;Active;VK;❤️ Лайки / Нравится;"ВКонтакте — Лайки (+ VKVideo) / 🔀 Микс качество";POST;NONE;3.5;No
cmqqaqxvp007bd2qz9v26y819;41013;Active;VK;🎭 Реакции / Эмодзи;"VK.com | Реакции [Микс 👍❤️🔥😂😍😮] [👤 Живые]";POST;NONE;40;No
cmqqaqxwj007jd2qzcm37gnic;27576;Active;VK;👁 Просмотры / Охват;"VK Просмотры [Видео | 0-48/Ч | 5-15К/Д | Списания Возможны | Без Гарантии]";POST;NONE;0.02;No
cmqqaqxxp007vd2qzyk5moo2g;23925;Active;VK;👁 Просмотры / Охват;"VK Просмотры [Видео | Дешёвые | HQ | 0-1/Ч | 500/Д | Списания Возможны | Без Гарантии]";POST;NONE;0.5913253012048193;No
cmqqaqxwb007hd2qzds0xeodu;27569;Active;VK;👁 Просмотры / Охват;"VK Просмотры [Пост | Глазик | 0-3/Ч | 1К/Д | Списания Возможны | Без Гарантии]";POST;NONE;0.01048192771084337;No
cmqqaqxwq007ld2qzqlw57e4d;27570;Active;VK;👁 Просмотры / Охват;"VK Просмотры [Пост | Россия | 0-1/Ч | 5К/Д | Списания Возможны | Без Гарантии]";POST;NONE;0.007710843373493976;No
cmqqaqxwy007nd2qz3h6rylxp;32655;Active;VK;👁 Просмотры / Охват;"VK Просмотры [Товар | Глазик | 0-1/Ч | 500К/Д | Списания Возможны | Без Гарантии]";POST;NONE;0.01698795180722891;No
cmqqaqxvx007dd2qzg20kk4ul;25910;Active;VK;👁 Просмотры / Охват;"VK.com | Просмотры постов";POST;NONE;0.02;No
cmqqaqxx5007pd2qz2cflom9h;34770;Active;VK;👁 Просмотры / Охват;"ВКонтакте | Просмотры видео [👤 Живые]";POST;NONE;0.27;No
cmqqaqxxc007rd2qz882ldbxt;35879;Active;VK;👁 Просмотры / Охват;"ВКонтакте | Просмотры клипов [👤 Живые]";POST;NONE;0.27;No
cmqqaqxxi007td2qzdz5jbf0w;35129;Active;VK;👁 Просмотры / Охват;"ВКонтакте | Рекламные просмотры видео [Киносайты] [👤 Живые]";POST;NONE;0.3;No
cmqqaqxw5007fd2qzikoj6fy5;35131;Active;VK;👁 Просмотры / Охват;"ВКонтакте | Рекламные просмотры постов [Киносайты] [👤 Живые]";POST;NONE;0.3;No
cmqqaqxz20089d2qzbrjfg029;792;Active;VK;👥 Вступление в группы / чаты;"VK Подписчики [Группа | HQ | 0-1/Ч | 500/Д | Списания до 100% | Без Гарантии]";CHANNEL;NONE;1.214819277108434;No
cmqqaqxyv0087d2qzpn06jpst;146;Active;VK;👥 Вступление в группы / чаты;"VK Подписчики [Группа | Живые | С аватарками | РФ | 0-10/Ч | 5К/Д | Списания до 100% | Без Гарантии]";CHANNEL;NONE;4.524096385542169;No
cmqqaqxzh008dd2qz59hganu9;24044;Active;VK;👥 Вступление в группы / чаты;"VK Подписчики [Группа | Микс | С аватарками | 0-1/Ч | 1К/Д | Списания 0-100% | Без Гарантии]";CHANNEL;NONE;5.244698795180723;No
cmqqaqxz9008bd2qzt3jq5d8m;933;Active;VK;👥 Вступление в группы / чаты;"VK Подписчики [Группа/Профиль | HQ | Россия | 0-1/Ч | 250-1К/Д | Списания 0-20% | Без Гарантии]";CHANNEL;NONE;5.428795180722891;No
cmqqaqxyp0085d2qzufhroahk;32651;Active;VK;👥 Вступление в группы / чаты;"VK Подписчики [Группа/Страница | MQ | 0-15/М | 10К/Д | Списания до 100% | Без Гарантии]";CHANNEL;NONE;0.9718072289156626;No
cmqqaqxyi0083d2qz73rq6yc4;931;Active;VK;👥 Вступление в группы / чаты;"VK Подписчики [Дешевые | Микс | 0-6/Ч | 2-4К/Д | Списания Возможны | Без Гарантии]";CHANNEL;NONE;0.8;No
cmqqaqxyb0081d2qz5zcvgydl;1797;Active;VK;👥 Вступление в группы / чаты;"VK Подписчики Премиум Живые [в группу] [Гарантия 90 дней♻️]";CHANNEL;NONE;1347.5;No
cmqqaqxy4007zd2qzu7gc57kh;2327;Active;VK;👥 Вступление в группы / чаты;"VK Подписчики в группу [СНГ] [Гарантия 12 дней]";CHANNEL;NONE;75;No
cmqqaqxzn008fd2qzcbz0h06o;2124;Active;VK;👥 Вступление в группы / чаты;"VK Посещение Группы/Страницы 👀⚡️";CHANNEL;NONE;3;No
cmqqaqxxw007xd2qzkuaem3x1;31330;Active;VK;👥 Вступление в группы / чаты;"VK Просмотры [Пост | Группа | 0-15/М | 10К/Д | Списания Возможны | Без Гарантии]";CHANNEL;NONE;0.07710843373493977;No
cmqqaqy1l008zd2qzg9x7zmd4;31896;Active;VK;👨‍👩‍👧‍👦 Подписчики / Участники;"VK VIDEO LIVE Подписчики [MQ | Онлайн | 0-15/М | 1K/Д | Списания Возможны | Гарантия 90Д]";CHANNEL;NONE;295.6431325301205;No
cmqqaqy1e008xd2qzuh5voq37;27686;Active;VK;👨‍👩‍👧‍👦 Подписчики / Участники;"VK Video Live Подписчики [MQ | Мгновенный | 500/Д | Дроп 0-10% | Гарантия 30Д]";CHANNEL;NONE;257.0793975903615;No
cmqqaqy0t008rd2qz9zcxeq87;2785;Active;VK;👨‍👩‍👧‍👦 Подписчики / Участники;"VK Подписчики [Низкое качество] [Гарантия 30 дней♻️]";CHANNEL;NONE;85.25;No
cmqqaqy17008vd2qzxwqd4vij;2090;Active;VK;👨‍👩‍👧‍👦 Подписчики / Участники;"VK Подписчики [СНГ] [Маленький процент собачек]";CHANNEL;NONE;271.25;No
cmqqaqy08008ld2qzvimuiomr;149;Active;VK;👨‍👩‍👧‍👦 Подписчики / Участники;"VK Подписчики [Страница | LQ | 0-6/Ч | 50К/Д | Списания 0-100% | Без Гарантии]";CHANNEL;NONE;23.85819277108434;No
cmqqaqxzu008hd2qzkwmiu1wv;23922;Active;VK;👨‍👩‍👧‍👦 Подписчики / Участники;"VK Подписчики [Страница | Боты | 0-1/Ч | 5-10К/Д | Списания 0-100% | Без Гарантии]";CHANNEL;NONE;3.796265060240964;No
cmqqaqy0e008nd2qz9lj7ipqi;793;Active;VK;👨‍👩‍👧‍👦 Подписчики / Участники;"VK Подписчики [Страница | Живые | 0-6/Ч | 5К/Д | Списания 0-100% | Без Гарантии]";CHANNEL;NONE;26.32626506024096;No
cmqqaqy01008jd2qz78x73h7e;24043;Active;VK;👨‍👩‍👧‍👦 Подписчики / Участники;"VK Подписчики [Страница | РФ | Офферы | 0-1/Ч | 1К/Д | Списания 0-100% | Без Гарантии]";CHANNEL;NONE;5.129036144578313;No
cmqqaqy0l008pd2qz4pjddk41;38999;Active;VK;👨‍👩‍👧‍👦 Подписчики / Участники;"ВКонтакте | Подписчики";CHANNEL;NONE;0.9700000000000001;No
cmqqaqy10008td2qzpczpmt0z;25898;Active;VK;👨‍👩‍👧‍👦 Подписчики / Участники;"ВКонтакте | Подписчики [👤 Живые]";CHANNEL;NONE;50;No
cmqqaqy1y0093d2qzv6wmalxf;1232;Active;VK;📊 Голоса / Опросы;"VK Автопросмотры на 50 будущих постов";CHANNEL_POSTS;NUMBER;30.12048192771084;No
cmqqaqy45009nd2qzv2xh30pf;2829;Active;VK;📊 Голоса / Опросы;"VK Подписчики [Авто-Просмотры] [Авто-Восстановление 45♻️]";CHANNEL_POSTS;NUMBER;542.5;No
cmqqaqy2c0097d2qzh351grx9;20120;Active;VK;📊 Голоса / Опросы;"VK Просмотры [Пост | Автопросмотры | 10шт | Без Гарантии]";CHANNEL_POSTS;NUMBER;0.7713253012048192;No
cmqqaqy1s0091d2qz9glr307s;23471;Active;VK;📊 Голоса / Опросы;"VK Просмотры [Пост | Безлимитные Автопросмотры | 3 суток | 0-1/Ч | 50К/Д | Без Гарантии]";CHANNEL_POSTS;NUMBER;8.484096385542168;No
cmqqaqy250095d2qz9hv20m8t;23472;Active;VK;📊 Голоса / Опросы;"VK Просмотры [Пост | Безлимитные Автопросмотры | 7 суток | 0-1/Ч | 50К/Д | Без Гарантии]";CHANNEL_POSTS;NUMBER;15.4255421686747;No
cmqqaqy2k0099d2qzeq9zppl4;2342;Active;VK;📊 Голоса / Опросы;"VK Репосты [Медленные]";POLL;NUMBER;58.4243373493976;No
cmqqaqy2r009bd2qz5g43oc70;2091;Active;VK;📊 Голоса / Опросы;"VK Репосты СНГ + Микс [Быстрые]";POLL;NUMBER;210;No
cmqqaqy2z009dd2qzdke8bwtf;938;Active;VK;📢 Репосты / Поделиться;"VK Репосты [HQ | СНГ | 0-1/Ч | 1К/Д | Списания Возможны | Без Гарантии]";POST;NONE;1.17;No
cmqqaqy3d009hd2qzjat7dhoq;25908;Active;VK;📢 Репосты / Поделиться;"VK.com | Репосты (Shares) [👤 Живые]";POST;NONE;60;No
cmqqaqy3k009jd2qzddymiq1l;41161;Active;VK;📢 Репосты / Поделиться;"Youla.ru | Репосты объявления [Упор на VK] [👤 Живые]";POST;NONE;250;No
cmqqaqy36009fd2qz3ox1idzx;268;Active;VK;📢 Репосты / Поделиться;"Репосты сайта в VK";POST;NONE;43.34939759036145;No
cmqqaqy3t009ld2qzxhzi7b4o;41040;Active;VK;🔄 Автолайки;"ВКонтакте | Лайк + Репост) + Подписка [Пакет] [👤 Живые]";CHANNEL_POSTS;NONE;100;No
cmqqaqy7y00a3d2qz36awrxim;23563;Active;VK;🔴 Стримы;"VK VIDEO LIVE [1 День | 10-3000 Зрителей | Неавторизованные | Расхождение 0-50%]";CHANNEL_POSTS;NONE;25.70927710843374;No
cmqqaqy8k00a7d2qzu1clmgi3;23564;Active;VK;🔴 Стримы;"VK VIDEO LIVE [1 Неделя | 10-3000 Зрителей | Неавторизованные | Расхождение 0-50%]";CHANNEL_POSTS;NONE;115.6914457831325;No
cmqqaqy5a009rd2qzenp6bpmo;23558;Active;VK;🔴 Стримы;"VK VIDEO LIVE [1 Час | 10-3000 Зрителей | Неавторизованные | Расхождение 0-50%]";CHANNEL_POSTS;NONE;3.213614457831325;No
cmqqaqy6d009td2qz467dakhl;23560;Active;VK;🔴 Стримы;"VK VIDEO LIVE [2 Часа | 10-3000 Зрителей | Неавторизованные | Расхождение 0-50%]";CHANNEL_POSTS;NONE;6.427349397590362;No
cmqqaqy6s009vd2qznc2v1b7r;23561;Active;VK;🔴 Стримы;"VK VIDEO LIVE [3 Часа | 10-3000 Зрителей | Неавторизованные | Расхождение 0-50%]";CHANNEL_POSTS;NONE;9.640963855421687;No
cmqqaqy8900a5d2qz0bvdvpwj;30368;Active;VK;🔴 Стримы;"Зрители (неавторизованные) для прямого эфира в VK Video Live (1 день)";CHANNEL_POSTS;NONE;51.91;No
cmqqaqy4e009pd2qz9znzgahz;28162;Active;VK;🔴 Стримы;"Зрители (неавторизованные) для прямого эфира в VK Video Live (1 час)";CHANNEL_POSTS;NONE;6.489999999999999;No
cmqqaqy7e009zd2qzqiim1cc4;33259;Active;VK;🔴 Стримы;"Зрители (неавторизованные) для прямого эфира в VK Video Live (2 часа)";CHANNEL_POSTS;NONE;12.98;No
cmqqaqy73009xd2qzzfhcedbh;30366;Active;VK;🔴 Стримы;"Зрители (неавторизованные) для прямого эфира в VK Video Live (3 часа)";CHANNEL_POSTS;NONE;19.47;No
cmqqaqy7o00a1d2qz9d3ikg69;33261;Active;VK;🔴 Стримы;"Зрители (неавторизованные) для прямого эфира в VK Video Live (4 часа)";CHANNEL_POSTS;NONE;25.96;No
cmqqaqy9300a9d2qzxc64eh0h;24131;Active;VK;🤖 Роботы / Боты;"VK Просмотры [Видео | 0-1/Ч | 1-10К/Д | Списания Возможны | Без Гарантии] (РАБОТАЕТ ПОСЛЕ ОБНОВЛЕНИЯ)";POST;NONE;0.0208433734939759;No
cmqqaqy9w00afd2qzz7oito2m;30853;Active;VK;🤖 Роботы / Боты;"ВКонтакте — Лайки (+ VKVideo) / 🤖 Боты (Сервер 1)";POST;NONE;22.5;No
cmqqaqy9m00add2qz8bcou03c;34799;Active;VK;🤖 Роботы / Боты;"ВКонтакте — Лайки (+ VKVideo) / 🤖 Боты (Сервер 2)";POST;NONE;25;No
cmqqaqy9e00abd2qzilieb87b;33191;Active;VK;🤖 Роботы / Боты;"🇷🇺 Боты из России делятся видео или клипом/шортсом из YouTube в Вконтакте";POST;NONE;1.88;No
cmqqaqyao00ald2qzhm049c9q;1799;Active;VK;🤝 Заявки в друзья;"VK Подписчики [Живые в друзья]";CHANNEL;NONE;500.5;No
cmqqaqya300ahd2qzc2xwsfs5;794;Active;VK;🤝 Заявки в друзья;"VK Подписчики [Страница | Живые | 0-6/Ч | 2К/Д | Списания 0-100% | Без Гарантии]";CHANNEL;NONE;32.9078313253012;No
cmqqaqyae00ajd2qzr8f3ph0l;33264;Active;VK;🤝 Заявки в друзья;"Социальные Сигналы | ВКонтакте (VK) 🔵 | Для Индексации в Яндекс 🔍 | Белое SEO | Живые Люди 🧑‍💻";CHANNEL;NONE;60;No
cmqqaqybi00atd2qz39755cca;93;Active;INSTAGRAM;❤️ Лайки / Нравится;"93. ♛Instagram Лайки + Охват [20к]";POST;NONE;1.095903614457831;No
cmqqaqybb00ard2qzatodug9x;2529;Active;INSTAGRAM;❤️ Лайки / Нравится;"Instagram Лайки [30 Дней гарантии♻️] [Списания 0%]";POST;NONE;19.39686746987952;No
cmqqaqyb400apd2qzbdv8au56;32343;Active;INSTAGRAM;❤️ Лайки / Нравится;"Лайки + показы для поста, Reels или IGTV в Instagram* из СНГ 🇷🇺🇰🇿🇧🇾 (Скорость ≈15 000 в день)";POST;NONE;1;No
cmqqaqycg00b3d2qzj92yrby2;33660;Active;INSTAGRAM;❤️ Лайки / Нравится;"Лайки для Instagram (Пост / Рилс / Видео) | Gold Качество 🏆";POST;NONE;4.51;No
cmqqaqybp00avd2qzvqv9l6b9;30972;Active;INSTAGRAM;❤️ Лайки / Нравится;"Лайки для Instagram (Пост / Рилс / Видео) | HQ Микс 💎";POST;NONE;1.59;No
cmqqaqyax00and2qzgcu2q7xe;33658;Active;INSTAGRAM;❤️ Лайки / Нравится;"Лайки для Instagram (Пост / Рилс / Видео) | Микс Качество 🛡️";POST;NONE;0.95;No
cmqqaqybw00axd2qzbzn5uxts;38063;Active;INSTAGRAM;❤️ Лайки / Нравится;"Лайки для Instagram (Пост / Рилс / Видео) | Нестабильные / Мусор 🗑️";POST;NONE;0.05;No
cmqqaqyem00bpd2qzq6jupr08;2299;Active;INSTAGRAM;👁 Просмотры / Охват;"Instagram Охват + Показы публикации [Плавно]";POST;NONE;5.258192771084337;No
cmqqaqycu00b7d2qz8qdenoka;31220;Active;INSTAGRAM;👁 Просмотры / Охват;"Instagram* — Просмотры (СНГ | Любые ссылки)";POST;NONE;0.06;No
cmqqaqyd100b9d2qzdk4nb7vb;32290;Active;INSTAGRAM;👁 Просмотры / Охват;"Охват + показы для поста, IGTV или Reels в Instagram* (Скорость ≈100К в день)";POST;NONE;0.12;No
cmqqaqydg00bdd2qzm4r1q7tz;32291;Active;INSTAGRAM;👁 Просмотры / Охват;"Охват + показы из раздела «Интересное» для поста, IGTV или Reels в Instagram* (Скорость ≈300К в день)";POST;NONE;0.19;No
cmqqaqydu00bhd2qzifgypl36;33372;Active;INSTAGRAM;👁 Просмотры / Охват;"Охват для поста, IGTV или Reels в Instagram* для пессимизации постов и профиля";POST;NONE;0.23;No
cmqqaqyd900bbd2qzniwl8lxw;32288;Active;INSTAGRAM;👁 Просмотры / Охват;"Показы + охват + посещения для профиля в Instagram* (Скорость ≈100К в день)";POST;NONE;0.26;No
cmqqaqydn00bfd2qzj4na74uh;32287;Active;INSTAGRAM;👁 Просмотры / Охват;"Показы + охват для поста в Instagram* (Скорость ≈100К в день)";POST;NONE;0.12;No
cmqqaqygh00c7d2qzcjdo8pkl;211;Active;INSTAGRAM;👨‍👩‍👧‍👦 Подписчики / Участники;"IG Подписчики [HQ | Живые | 0-1/Ч | 10K/Д | Cписания Возможны | Гарантия 90Д | Флаг Выключен] РАБОТАЮТ ПОСЛЕ 31.08";CHANNEL;NONE;4.205060240963856;No
cmqqaqygp00c9d2qz2458t7t9;27702;Active;INSTAGRAM;👨‍👩‍👧‍👦 Подписчики / Участники;"IG Подписчики [HQ | США |  0-15/M | 1K/Д | Списания Возможны | Без Гарантии] РАБОТАЮТ ПОСЛЕ 31.08";CHANNEL;NONE;7.5;No
cmqqaqyg300c3d2qzn2xocaaz;611;Active;INSTAGRAM;👨‍👩‍👧‍👦 Подписчики / Участники;"IG Подписчики [Микс | MQ | 0-1/Ч | 1К/Д | Списания Возможны | Без Гарантии] РАБОТАЮТ ПОСЛЕ 31.08";CHANNEL;NONE;0.27;No
cmqqaqyf900bvd2qz7t8lkwm0;38012;Active;INSTAGRAM;👨‍👩‍👧‍👦 Подписчики / Участники;"Подписчики для Instagram | Дешевый Сервер 📉";CHANNEL;NONE;1.7;No
cmqqaqyfh00bxd2qzazm8v2kb;38015;Active;INSTAGRAM;👨‍👩‍👧‍👦 Подписчики / Участники;"Подписчики для Instagram | Индия 🇮🇳 | Низкие Списания 🛡️";CHANNEL;NONE;5;No
cmqqaqyga00c5d2qzk3kjxnew;38031;Active;INSTAGRAM;👨‍👩‍👧‍👦 Подписчики / Участники;"Подписчики для Instagram | США 🇺🇸";CHANNEL;NONE;9;No
cmqqaqyf200btd2qzxi1qmpow;34996;Active;INSTAGRAM;👨‍👩‍👧‍👦 Подписчики / Участники;"Подписчики для Instagram | Самые Дешевые 📉";CHANNEL;NONE;1;No
cmqqaqyfo00bzd2qzmd2zdsfk;2295;Active;INSTAGRAM;👨‍👩‍👧‍👦 Подписчики / Участники;"⚡🌟 Instagram Подписчики [30 Дней гарантии][5-10% Списаний][50к/Сутки]";CHANNEL;NONE;116.8486746987952;No
cmqqaqyfw00c1d2qz3hmg94ty;2660;Active;INSTAGRAM;👨‍👩‍👧‍👦 Подписчики / Участники;"🌟 Instagram Подписчики [30 Дней гарантии][Быстрые][Лучшая цена]";CHANNEL;NONE;62.72144578313253;No
cmqqaqyeu00brd2qzboovml4n;2728;Active;INSTAGRAM;👨‍👩‍👧‍👦 Подписчики / Участники;"🌟 Instagram Подписчики [Списания 5-10%][Гарантия 30♻️][Лучшая Цена]";CHANNEL;NONE;54.79036144578313;No
cmqqaqyhb00cfd2qz92ufoyrt;36760;Active;INSTAGRAM;💬 Комментарии / Отзывы;"Instagram* — Комментарии негативные эмоджи {🛡️, 🚀, 💎}";POST;NONE;8;No
cmqqaqyh400cdd2qzkuhad560;28476;Active;INSTAGRAM;💬 Комментарии / Отзывы;"Instagram* — Комментарии позитивные эмоджи {🛡️, 🚀, 💎}";POST;NONE;8;No
cmqqaqygw00cbd2qzxi3294qm;32335;Active;INSTAGRAM;💬 Комментарии / Отзывы;"Instagram* — Комментарии рандомные {🛡️, 🚀, 💎}";POST;NONE;16;No
cmqqaqyhs00cjd2qzq3yqdxuw;36749;Active;INSTAGRAM;💬 Комментарии / Отзывы;"Instagram* — Комментарии рандомные от живых людей (Быстрые) {🏭, 🔰, ♻, 👤, ⏳, 💎}";POST;NONE;250;No
cmqqaqyhj00chd2qzzqhcclhx;28473;Active;INSTAGRAM;💬 Комментарии / Отзывы;"Instagram* — Комментарии рандомные от живых людей (Медленные) {🏭, 🔰, ♻, 👤, ⏳, 💎}";POST;NONE;80;No
cmqqaqyi100cld2qzw2shzt5r;36720;Active;INSTAGRAM;💬 Комментарии / Отзывы;"Instagram* — Комментарии рандомные от живых людей (🇬🇧/🇺🇸 Английские) {🏭, 🔰, ♻, 👤, ⏳, 💎}";POST;NONE;300;No
cmqqaqyik00cpd2qz5ulqv6k6;36739;Active;INSTAGRAM;💬 Комментарии / Отзывы;"Instagram* — Комментарии рандомные от живых людей (🇵🇱 Польские) {🏭, 🔰, ♻, 👤, ⏳, 💎}";POST;NONE;300;No
cmqqaqyia00cnd2qzzcw8n6gj;36721;Active;INSTAGRAM;💬 Комментарии / Отзывы;"Instagram* — Комментарии рандомные от живых людей (🇷🇺 Русские) {🏭, 🔰, ♻, 👤, ⏳, 💎}";POST;NONE;300;No
cmqqaqyit00crd2qzr9cqbjzm;24246;Active;INSTAGRAM;📊 Голоса / Опросы;"IG Голосование в Сториc [Голос &quot,Да&quot, | Быстрый старт]";POST;NUMBER;0.5039759036144578;No
cmqqaqyj100ctd2qzf0l0favb;24247;Active;INSTAGRAM;📊 Голоса / Опросы;"IG Голосование в Сториc [Голос &quot,Нет&quot, | Быстрый старт]";POST;NUMBER;0.5039759036144578;No
cmqqaqylm00djd2qztdod4se6;24244;Active;INSTAGRAM;📊 Голоса / Опросы;"IG Голосование в Сторис [Голос за номер 1 | 5К/Д]";POST;NUMBER;0.5039759036144578;No
cmqqaqyjt00d1d2qzsghx3xby;23914;Active;INSTAGRAM;📌 Сохранения / Saves;"IG Сохранения [0-15/М | 2K/Д | Списания Возможны | Без Гарантии]";POST;NONE;0.06518072289156626;No
cmqqaqyjm00czd2qzkxtejvrp;23912;Active;INSTAGRAM;📌 Сохранения / Saves;"IG Сохранения [Дешёвые | 0-1/Ч | 1К/Д | Без гарантии]";POST;NONE;0.06518072289156626;No
cmqqaqyk100d3d2qzyiorizyt;23913;Active;INSTAGRAM;📌 Сохранения / Saves;"IG Сохранения [Дешёвые | Стабильные | 0-1/Ч | Без Гарантии]";POST;NONE;0.1303614457831325;No
cmqqaqyk800d5d2qzceerh6es;991;Active;INSTAGRAM;📌 Сохранения / Saves;"Instagram Сохранения [Быстрый старт]";POST;NONE;5.804698795180723;No
cmqqaqyj800cvd2qzbbnikmjz;35791;Active;INSTAGRAM;📌 Сохранения / Saves;"Instagram* — Живые сохранения (Любые посты)";POST;NONE;0.66;No
cmqqaqyjf00cxd2qz2pnvt2ql;32278;Active;INSTAGRAM;📌 Сохранения / Saves;"Instagram* — Сохранения (Любые посты)";POST;NONE;0.01;No
cmqqaqykt00dbd2qz1nzq88we;2298;Active;INSTAGRAM;📢 Репосты / Поделиться;"Instagram Поделиться [Репост] [Быстрый старт] [Гарантия в случае списаний]";POST;NONE;1.285301204819277;No
cmqqaqykm00d9d2qzkz16lzag;35790;Active;INSTAGRAM;📢 Репосты / Поделиться;"Instagram* — Живые репосты (Отображаются в insights | Все форматы)";POST;NONE;0.8800000000000001;No
cmqqaqykg00d7d2qz9n6ave06;28481;Active;INSTAGRAM;📢 Репосты / Поделиться;"Instagram* — Мгновенные репосты (Отображаются в insights | Все форматы)";POST;NONE;0.32;No
cmqqaqyle00dhd2qzh9mxjl7u;33057;Active;INSTAGRAM;📱 Сториз / Истории;"IG Свайп [Истории | 0-24/Ч | Списания Возможны | Без Гарантии]";POST;NONE;0.24;No
cmqqaqyl700dfd2qz9sxsou2f;32767;Active;INSTAGRAM;📱 Сториз / Истории;"Instagram* — Репосты сторис (Отображаются в insights)";STORY;NONE;0.9299999999999999;No
cmqqaqyl000ddd2qzxnf48yty;28482;Active;INSTAGRAM;📱 Сториз / Истории;"Показы для истории в Instagram* (Скорость ≈500К в день)";STORY;NONE;0.4;No
cmqqaqynt00e3d2qzx6xl65ad;20037;Active;INSTAGRAM;🔴 Стримы;"IG Зрители [12 Часов | 0-30/М | Плавное Расхождение 50-150%]";POST;NONE;52.87602409638554;No
cmqqaqym800dpd2qzymog66dn;15654;Active;INSTAGRAM;🔴 Стримы;"IG Зрители [120 Минут | 0-30/М | Плавное Расхождение 50-150%]";POST;NONE;18.80036144578313;No
cmqqaqym000dnd2qzh24gqr7b;26897;Active;INSTAGRAM;🔴 Стримы;"IG Зрители [15 Минут | 0-30/М | Плавное Расхождение 50-150%]";POST;NONE;4.112530120481927;No
cmqqaqyn200dxd2qzerjv0otx;20033;Active;INSTAGRAM;🔴 Стримы;"IG Зрители [180 Минут | 0-30/М | Плавное Расхождение 50-150%]";POST;NONE;21.15048192771084;No
cmqqaqynh00e1d2qzipfebzq1;20036;Active;INSTAGRAM;🔴 Стримы;"IG Зрители [24 Часа | 0-30/М | Плавное Расхождение 50-150%]";POST;NONE;82.25168674698796;No
cmqqaqyna00dzd2qz0jnx4xfb;20034;Active;INSTAGRAM;🔴 Стримы;"IG Зрители [240 Минут | 0-30/М | Плавное Расхождение 50-150%]";POST;NONE;32.90060240963855;No
cmqqaqylt00dld2qzcv1uub0t;13967;Active;INSTAGRAM;🔴 Стримы;"IG Зрители [30 Минут | 0-30/М | Плавное Расхождение 50-150%]";POST;NONE;8.225180722891567;No
cmqqaqymg00drd2qz53homasm;20035;Active;INSTAGRAM;🔴 Стримы;"IG Зрители [360 Минут | 0-30/М | Плавное Расхождение 50-150%]";POST;NONE;44.65084337349398;No
cmqqaqymo00dtd2qziu8fd6c4;15652;Active;INSTAGRAM;🔴 Стримы;"IG Зрители [60 Минут | 0-30/М | Плавное Расхождение 50-150%]";POST;NONE;11.16265060240964;No
cmqqaqymv00dvd2qzpk4nf3ri;15653;Active;INSTAGRAM;🔴 Стримы;"IG Зрители [90 Минут | 0-30/М | Плавное Расхождение 50-150%]";POST;NONE;17.62530120481928;No
cmqqaqyc900b1d2qzqelc6xkg;527;Active;INSTAGRAM;🤖 Роботы / Боты;"IG Лайки [HQ | Индия | 0-1/Ч | 20К/Д | Списания Возможны | Без гарантии] РАБОТАЮТ ПОСЛЕ 04.10";POST;NONE;0.6860240963855422;No
cmqqaqycn00b5d2qz89dd0epk;774;Active;INSTAGRAM;🤖 Роботы / Боты;"IG Лайки [Испания | HQ | Настоящие | 0-12/Ч | 50-150/Д | Без Гарантии] РАБОТАЮТ ПОСЛЕ 04.10";POST;NONE;7.2;No
cmqqaqyc200azd2qzeyvyomyh;28899;Active;INSTAGRAM;🤖 Роботы / Боты;"IG Лайки [Пост | Микс | 0-1/Ч | 50К/Д | Возможны Списания | Без Гарантии] РАБОТАЮТ ПОСЛЕ 04.10";POST;NONE;0.0991566265060241;No
cmqqaqyo000e5d2qzrukim6zn;28892;Active;INSTAGRAM;🤖 Роботы / Боты;"IG Посещение профиля [Пост | 0-1/Ч | 100К/Д | Списания Возможны | Без Гарантии] РАБОТАЮТ ПОСЛЕ 31.08";POST;NONE;0.09;No
cmqqaqye800bld2qzz9z0ejnk;23823;Active;INSTAGRAM;🤖 Роботы / Боты;"IG Просмотры + Посещения +  Показы [История/Stories | 0-1/Ч | 5К/Д | Списания Возможны | Без Гарантии] РАБОТАЮТ ПОСЛЕ 31.08";POST;NONE;0.06734939759036145;No
cmqqaqye100bjd2qzd3ln3syr;24174;Active;INSTAGRAM;🤖 Роботы / Боты;"IG Просмотры [Видео + Reels + IGTV | Безлимитные | 0-15/М | 100К/Д | Списания Возможны | Без Гарантии] РАБОТАЮТ ПОСЛЕ 31.08";POST;NONE;0.0191566265060241;No
cmqqaqyef00bnd2qzg3wlp0k8;29178;Active;INSTAGRAM;🤖 Роботы / Боты;"IG Просмотры [Истории | 0-1/Ч | 1М/Д | Списания Возможны | Без Гарантии] РАБОТАЮТ ПОСЛЕ 31.08";POST;NONE;0.4234939759036144;No
cmqqaqyof00e9d2qz9p8rinsa;24557;Active;INSTAGRAM;🤝 Заявки в друзья;"IG Показы [Reels + Видео | HQ | 0-30/М | 100K/Д | Списания Возможны | Без Гарантии]";CHANNEL;NONE;0.07192771084337349;No
cmqqaqyol00ebd2qzb01bvp9v;28881;Active;INSTAGRAM;🤝 Заявки в друзья;"IG Показы [Все Ссылки | Главная | HQ | 0-1/Ч | 30K/Д | Списания Возможны | Без Гарантии]";CHANNEL;NONE;0.08301204819277108;No
cmqqaqyot00edd2qzwe47mdck;28887;Active;INSTAGRAM;🤝 Заявки в друзья;"IG Показы [Все Ссылки | Интересное | HQ | 0-1/Ч | 30K/Д | Списания Возможны | Без Гарантии]";CHANNEL;NONE;0.08096385542168674;No
cmqqaqyo800e7d2qz0oxhre8r;33373;Active;INSTAGRAM;🤝 Заявки в друзья;"Показы для профиля в Instagram* для пессимизации профиля";CHANNEL;NONE;0.2509638554216867;No
cmqqaqyqd00etd2qz5zhlx50a;27;Active;YOUTUBE;❤️ Лайки / Нравится;"27. YT Лайки + Гарантия [30 дней]♻️";POST;NONE;2.409638554216868;No
cmqqaqypl00eld2qzs4kyfpqi;910;Active;YOUTUBE;❤️ Лайки / Нравится;"910. YT Shorts Лайки♻️";POST;NONE;12.04132530120482;No
cmqqaqyq700erd2qz04lelkt4;466;Active;YOUTUBE;❤️ Лайки / Нравится;"YT Лайки [Видео | HQ | 0-1/Ч | 2К-5К/Д | Перекрут до 100% | Списания Возможны | Гарантия 30Д]  РАБОТАЮТ ПОСЛЕ 19.04";POST;NONE;6.72;No
cmqqaqyq000epd2qznsdlftg9;259;Active;YOUTUBE;❤️ Лайки / Нравится;"YT Лайки Живые [Стрим/Видео | Живые | 0-1/Ч | 1К/Д | Списания 0-100% | Гарантия 30Д] РАБОТАЮТ ПОСЛЕ 19.04";POST;NONE;3.9;No
cmqqaqypd00ejd2qzpaayy5gp;2936;Active;YOUTUBE;❤️ Лайки / Нравится;"YouTube Лайки [Crypto] [Реальные] [Гарантия 365♻️]";POST;NONE;108.3873493975904;No
cmqqaqyqk00evd2qzxbwi9j9o;1457;Active;YOUTUBE;❤️ Лайки / Нравится;"YouTube Лайки [Хорошая скорость] [Без гарантии]";POST;NONE;4.644578313253012;No
cmqqaqyoz00efd2qzz3qnwkq4;37283;Active;YOUTUBE;❤️ Лайки / Нравится;"YouTube — Лайки для комментариев / Безупречные";POST;NONE;2.94;No
cmqqaqyps00end2qzi4hxhqnv;37375;Active;YOUTUBE;❤️ Лайки / Нравится;"YouTube — Лайки на прямой эфир (Из поиска Google) 🔎 / SEO-эффект";POST;NONE;6;No
cmqqaqyp600ehd2qz2fu1u2r1;2604;Active;YOUTUBE;❤️ Лайки / Нравится;"🇺🇸YouTube Лайки [США][Реальные][Пожизненная гарантия♻️]";POST;NONE;72.13638554216867;No
cmqqaqyrp00f5d2qzilg7psmf;1019;Active;YOUTUBE;👁 Просмотры / Охват;"1019. YT Просмотры #1♻️";POST;NONE;2.793373493975904;No
cmqqaqyr700f1d2qzm62dh5ws;164;Active;YOUTUBE;👁 Просмотры / Охват;"164. YT Shorts Просмотры [Гарантия 30 дней]♻️";POST;NONE;1.983373493975904;No
cmqqaqysv00fhd2qzfu943p0s;461;Active;YOUTUBE;👁 Просмотры / Охват;"461. YT Подписчики + Гарантия [30 дней] ♻️";CHANNEL;NONE;55.0066265060241;No
cmqqaqyrx00f7d2qzw74ccj45;14450;Active;YOUTUBE;👁 Просмотры / Охват;"YT Просмотры [0-1/Ч | 10K/Д | Списания Возможны | Без Гарантии]";POST;NONE;0.8549397590361445;No
cmqqaqysa00fbd2qzuipb3n2z;546;Active;YOUTUBE;👁 Просмотры / Охват;"YT Просмотры [Россия | Рекомендуемые | 0-6/Ч | 1К/Д | Списания Возможны | Без Гарантии]";POST;NONE;4.062530120481927;No
cmqqaqysh00fdd2qzb7vz39e9;24649;Active;YOUTUBE;👁 Просмотры / Охват;"YT Просмотры [Стрим/Видео | Живые | 120 сек | 1К/Д | Списания Возможны | Без Гарантии | S2]";POST;NONE;9.178192771084337;No
cmqqaqyso00ffd2qzl6mx4iad;3103;Active;YOUTUBE;👁 Просмотры / Охват;"YouTube RU Просмотры [Гарантия 365 Дней] [РУ+СНГ] [Из внешних источников]";POST;NONE;35.49602409638554;No
cmqqaqyri00f3d2qzifiwnpre;37150;Active;YOUTUBE;👁 Просмотры / Охват;"YouTube | Просмотры [Рекомендации / SEO] [Удержание 2 Минуты]";POST;NONE;1.23;No
cmqqaqyqz00ezd2qzu0863l2y;35164;Active;YOUTUBE;👁 Просмотры / Охват;"YouTube — Репосты на Видео и Shorts (🇺🇸 США) / 📣🔀 Внешнее продвижение (Микс сетей)";POST;NONE;7;No
cmqqaqys300f9d2qzxrrwcbey;33290;Active;YOUTUBE;👁 Просмотры / Охват;"Просмотры для YouTube | Гибридное Открытие (Реком + Внешние) ⚡ | Макс. Стабильность 🛡️";POST;NONE;2.6;No
cmqqaqytc00fld2qzjma0rezg;37411;Active;YOUTUBE;👥 Вступление в группы / чаты;"YouTube — Neuro-чат для прямого эфира (🇷🇺 Россия) 🧠 / Real-Time";CHANNEL;NONE;10;No
cmqqaqyt400fjd2qzcyt4o1jk;37406;Active;YOUTUBE;👥 Вступление в группы / чаты;"YouTube — Neuro-чат для прямого эфира (🇺🇸 США) 🧠 / Real-Time";CHANNEL;NONE;10;No
cmqqaqyvn00g3d2qzzyta141l;41105;Active;YOUTUBE;📢 Репосты / Поделиться;"YouTube | Репосты (Shares) в Facebook [👤 Живые]";POST;NONE;300;No
cmqqaqyvv00g5d2qz9tqjkszt;41106;Active;YOUTUBE;📢 Репосты / Поделиться;"YouTube | Репосты (Shares) в X (Twitter) [👤 Живые]";POST;NONE;300;No
cmqqaqyv200g1d2qzjwr0ygvn;41104;Active;YOUTUBE;📢 Репосты / Поделиться;"YouTube | Репосты Микс [👤 Живые]";POST;NONE;300;No
cmqqaqytk00fnd2qzk9rpswr4;1617;Active;YOUTUBE;📢 Репосты / Поделиться;"YouTube Репост в соц. сетях [ ~100/День ]";POST;NONE;112.8442168674699;No
cmqqaqyuo00fxd2qzn7muflq0;1620;Active;YOUTUBE;📢 Репосты / Поделиться;"YouTube Репост в соц. сетях [ ~1500/День ]";POST;NONE;112.8442168674699;No
cmqqaqyu000frd2qzh46m9cv3;1618;Active;YOUTUBE;📢 Репосты / Поделиться;"YouTube Репост в соц. сетях [ ~250/День ]";POST;NONE;112.8442168674699;No
cmqqaqyuv00fzd2qzomfxs3dj;1621;Active;YOUTUBE;📢 Репосты / Поделиться;"YouTube Репост в соц. сетях [ ~3000/День ]";POST;NONE;112.8442168674699;No
cmqqaqyu800ftd2qz3dagez3c;1616;Active;YOUTUBE;📢 Репосты / Поделиться;"YouTube Репост в соц. сетях [ ~50/День ]";POST;NONE;112.8442168674699;No
cmqqaqyug00fvd2qz4m1l847z;1619;Active;YOUTUBE;📢 Репосты / Поделиться;"YouTube Репост в соц. сетях [ ~750/День ]";POST;NONE;112.8442168674699;No
cmqqaqyts00fpd2qz027m2dt4;28639;Active;YOUTUBE;📢 Репосты / Поделиться;"YouTube — Репосты прямого эфира / Внешнее продвижение";POST;NONE;1;No
cmqqaqyxb00ghd2qz8c9yhaxc;26283;Active;YOUTUBE;🔄 Автопросмотры;"10-180 YT зрителей [VHQ | Быстрые Зрители | Авторизация | 10 минут | Дроп 0-40%]";CHANNEL_POSTS;NONE;0.5655421686746988;No
cmqqaqyww00gdd2qzkosqa87g;26281;Active;YOUTUBE;🔄 Автопросмотры;"10-180 YT зрителей [VHQ | Быстрые Зрители | Авторизация | 15 минут | Дроп 0-40%]";CHANNEL_POSTS;NONE;0.8342168674698794;No
cmqqaqyw400g7d2qzpg97bxds;27607;Active;YOUTUBE;🔄 Автопросмотры;"10-180 YT зрителей [VHQ | Быстрые Зрители | Без Авторизации | 5 минут | Дроп 0-40%]";CHANNEL_POSTS;NONE;0.02831325301204819;No
cmqqaqyx400gfd2qzyfwqapea;26282;Active;YOUTUBE;🔄 Автопросмотры;"10-180 YT зрителей [VHQ | Плавные Зрители | Авторизация | 10 минут | Дроп 0-40%]";CHANNEL_POSTS;NONE;0.5655421686746988;No
cmqqaqywo00gbd2qz02t8xxzn;26280;Active;YOUTUBE;🔄 Автопросмотры;"10-180 YT зрителей [VHQ | Плавные Зрители | Авторизация | 15 минут | Дроп 0-40%]";CHANNEL_POSTS;NONE;0.8342168674698794;No
cmqqaqywb00g9d2qzo9f7xjcw;27608;Active;YOUTUBE;🔄 Автопросмотры;"10-180 YT зрителей [VHQ | Плавные Зрители | Без Авторизации | 5 минут | Дроп 0-40%]";CHANNEL_POSTS;NONE;0.02831325301204819;No
cmqqaqyy900gpd2qzt4140llt;854;Active;YOUTUBE;🔄 Автопросмотры;"10-300 YT зрителей [Мгновенный автостарт | 1 месяц | Дроп 40%]";CHANNEL_POSTS;NONE;113.1206024096386;No
cmqqaqyy100gnd2qzbhmrhrz5;855;Active;YOUTUBE;🔄 Автопросмотры;"10-300 YT зрителей [Мгновенный автостарт | 1 неделя | Дроп 40%]";CHANNEL_POSTS;NONE;29.69409638554217;No
cmqqaqyxs00gld2qzfvnh0fe2;2274;Active;YOUTUBE;🔄 Автопросмотры;"YouTube Просмотры [Скорость 1 - 2к/День] [Авто - восстановление]";CHANNEL_POSTS;NONE;93.93132530120482;No
cmqqaqyxk00gjd2qzbvs41c34;37858;Active;YOUTUBE;🔄 Автопросмотры;"Просмотры для YouTube | AI Поиск и Разделы (Авто-SEO Стратегия) 🤖 | Евросоюз 🇪🇺";CHANNEL_POSTS;NONE;1.8;No
cmqqaqyqq00exd2qzgyd40nsz;280;Active;YOUTUBE;🔴 Стримы;"All inclusive Pack Mini [300 зрителей + 300 лайков + 500 просмотров | 1 день]";POST;NONE;4407.84578313253;No
cmqqaqyyp00gtd2qzqrwecm5d;32333;Active;YOUTUBE;🔴 Стримы;"YT Зрители [15 Минут | 0-15/М | Плавное Расхождение 50-150% | Мало Просмотров]";POST;NONE;0.06;No
cmqqaqyyh00grd2qzfrsp6x5r;29144;Active;YOUTUBE;🔴 Стримы;"YT Зрители [15 Минут | 0-20/М | Нестабильные | Мало Просмотров | САМЫЕ ДЕШЕВЫЕ | S3]";POST;NONE;0.05240963855421686;No
cmqqaqyzw00h1d2qzceylamxt;29087;Active;YOUTUBE;🔴 Стримы;"YT Зрители [720 Минут | 0-120/М | Нестабильные | Мало Просмотров]";POST;NONE;2.61;No
cmqqaqyyw00gvd2qzcxx70x4t;32349;Active;YOUTUBE;🔴 Стримы;"YT Зрители [СНГ | 15 Минут | 0-15/М | Плавное Расхождение 50-150% | Мало Просмотров]";POST;NONE;0.06180722891566265;No
cmqqaqz0h00h5d2qzuse9eoxm;2267;Active;YOUTUBE;🔴 Стримы;"YouTube Зрители [180 Минут][Старт до 120 минут]";POST;NONE;73.61469879518073;No
cmqqaqz0600h3d2qzdscqvtna;2264;Active;YOUTUBE;🔴 Стримы;"YouTube Зрители [30 Минут][Старт до 120 минут]";POST;NONE;12.28084337349397;No
cmqqaqyzo00gzd2qzswxie2ga;33460;Active;YOUTUBE;🔴 Стримы;"YouTube — Зрители на прямой эфир (Для SEO и Рекомендаций, 🇺🇸 США) 🚀 / Премиум активность + 60 минут удержания";POST;NONE;3;No
cmqqaqz0r00h7d2qzchfv17bk;28627;Active;YOUTUBE;🔴 Стримы;"YouTube — Зрители на прямой эфир 🔴👀 / Удержание 1 неделя";POST;NONE;84;No
cmqqaqyzh00gxd2qzeo9fe5d8;30160;Active;YOUTUBE;🔴 Стримы;"YouTube — Зрители на прямой эфир 🔴👀 / Удержание 15 минут";POST;NONE;0.15;No
cmqqaqz1000h9d2qzsq9zq4tg;64;Active;YOUTUBE;🔴 Стримы;"Базовый [50 Зрителей | 1 Месяц | API | Дроп 40%]";POST;NONE;113.1206024096386;No
cmqqaqz2o00hpd2qzn9h6zycp;33824;Active;YOUTUBE;🤖 Роботы / Боты;"YouTube Чат боты [Искусственный Интеллект | Стрим/Премьера | Бразилия | 2-5 Сообщений в минуту | Без Гарантии]";POST;NONE;2.736024096385542;No
cmqqaqz2v00hrd2qz2ymhz0b5;33825;Active;YOUTUBE;🤖 Роботы / Боты;"YouTube Чат боты [Искусственный Интеллект | Стрим/Премьера | Вьетнам | 2-5 Сообщений в минуту | Без Гарантии]";POST;NONE;2.736024096385542;No
cmqqaqz3200htd2qzatq2edqh;33826;Active;YOUTUBE;🤖 Роботы / Боты;"YouTube Чат боты [Искусственный Интеллект | Стрим/Премьера | Индия | 2-5 Сообщений в минуту | Без Гарантии]";POST;NONE;2.736024096385542;No
cmqqaqz2h00hnd2qzpikh9zav;33823;Active;YOUTUBE;🤖 Роботы / Боты;"YouTube Чат боты [Искусственный Интеллект | Стрим/Премьера | США | 2-5 Сообщений в минуту | Без Гарантии]";POST;NONE;2.736024096385542;No
cmqqaqz1h00hdd2qzipxijhha;33490;Active;YOUTUBE;🤖 Роботы / Боты;"YouTube — Реакции на прямой эфир (Реакция: ❤️) / 🤖 Боты";POST;NONE;0.5;No
cmqqaqz2a00hld2qzpai19w50;33494;Active;YOUTUBE;🤖 Роботы / Боты;"YouTube — Реакции на прямой эфир (Реакция: 🎉) / 🤖 Боты";POST;NONE;0.5;No
cmqqaqz2300hjd2qzz99z27te;33493;Active;YOUTUBE;🤖 Роботы / Боты;"YouTube — Реакции на прямой эфир (Реакция: 💯) / 🤖 Боты";POST;NONE;0.5;No
cmqqaqz1o00hfd2qz9sfsu7ys;33491;Active;YOUTUBE;🤖 Роботы / Боты;"YouTube — Реакции на прямой эфир (Реакция: 😃) / 🤖 Боты";POST;NONE;0.5;No
cmqqaqz1w00hhd2qz4dga9vzy;33492;Active;YOUTUBE;🤖 Роботы / Боты;"YouTube — Реакции на прямой эфир (Реакция: 😳) / 🤖 Боты";POST;NONE;0.5;No
cmqqaqz1a00hbd2qzpdt2544e;33489;Active;YOUTUBE;🤖 Роботы / Боты;"YouTube — Реакции на прямой эфир (Смешанные) 💖✨ / 🤖 Боты";POST;NONE;0.5;No
cmqqaqz3900hvd2qzl501zbay;33186;Active;YOUTUBE;🤝 Заявки в друзья;"YouTube | Социальные сигналы [Facebook]";CHANNEL;NONE;1.43;No
cmqqaqz4500i3d2qz2p05q8zl;33189;Active;YOUTUBE;🤝 Заявки в друзья;"YouTube | Социальные сигналы [LinkedIn]";CHANNEL;NONE;1.43;No
cmqqaqz3z00i1d2qznj059c3o;33187;Active;YOUTUBE;🤝 Заявки в друзья;"YouTube | Социальные сигналы [Pinterest]";CHANNEL;NONE;1.43;No
cmqqaqz3q00hzd2qztktran8q;33188;Active;YOUTUBE;🤝 Заявки в друзья;"YouTube | Социальные сигналы [Reddit]";CHANNEL;NONE;1.43;No
cmqqaqz3h00hxd2qzaydsi6xu;33185;Active;YOUTUBE;🤝 Заявки в друзья;"YouTube | Социальные сигналы [X (Twitter)]";CHANNEL;NONE;1.43;No
cmqqaqz5m00ihd2qz6v5h9849;433;Active;TIKTOK;❤️ Лайки / Нравится;"433. TikTok Лайки + Гарантия♻️ #2";POST;NONE;9.182530120481928;No
cmqqaqz4m00i7d2qzgiomiib2;765;Active;TIKTOK;❤️ Лайки / Нравится;"765. TikTok Лайки + Гарантия♻️⭐⭐⭐";POST;NONE;0.5507228915662651;No
cmqqaqz6000ild2qzhmmc7ze1;919;Active;TIKTOK;❤️ Лайки / Нравится;"919. Tiktok Live лайки";POST;NONE;0.198433734939759;No
cmqqaqz5000ibd2qzssv8ky39;37817;Active;TIKTOK;❤️ Лайки / Нравится;"TikTok (TT) | Лайки";POST;NONE;0.27;No
cmqqaqz4c00i5d2qzpxvbadl8;33488;Active;TIKTOK;❤️ Лайки / Нравится;"TikTok (TT) | Лайки [Быстрые]";POST;NONE;0.31;No
cmqqaqz4t00i9d2qzhofwkwar;2956;Active;TIKTOK;❤️ Лайки / Нравится;"TikTok Лайки + Просмотры [Высокое качество аккаунтов][Гарантия 30]";POST;NONE;23.63361445783132;No
cmqqaqz5t00ijd2qzz3gtip06;2904;Active;TIKTOK;❤️ Лайки / Нравится;"TikTok Лайки [Без гарантии] [Быстрые]";POST;NONE;6.596265060240964;No
cmqqaqz5700idd2qzyihl7ddq;234;Active;TIKTOK;❤️ Лайки / Нравится;"TikTok Лайки [Дешевые | 0-3/Ч | 5К/Д | Списания Возможны | Без Гарантии]";POST;NONE;0.03204819277108434;No
cmqqaqz5e00ifd2qzvfy8621q;482;Active;TIKTOK;❤️ Лайки / Нравится;"TikTok Лайки [Живые | 0-2/Ч | 20K/Д | Списания Возможны | Гарантия 30Д]";POST;NONE;0.6201204819277109;No
cmqqaqz6700ind2qzwi5u0ch4;34274;Active;TIKTOK;❤️ Лайки / Нравится;"TikTok — Лайки (🇺🇸 США) / 🌱 Реалистичное качество";POST;NONE;30;No
cmqqaqz6e00ipd2qzm82olb5o;31193;Active;TIKTOK;🎭 Реакции / Эмодзи;"Эмодзи-комментарии для видео на TikTok";POST;NONE;4.92;No
cmqqaqz7j00j1d2qzuo3ea920;347;Active;TIKTOK;👁 Просмотры / Охват;"347. TikTok Просмотры видео - МНОГО СПИСАНИЙ, БЕЗ ГАРАНТИИ";POST;NONE;0.2904819277108434;No
cmqqaqz8400j7d2qzp5dp50k3;764;Active;TIKTOK;👁 Просмотры / Охват;"764. Tiktok просмотры видео + Удержание♻️⭐⭐⭐";POST;NONE;1.192771084337349;No
cmqqaqz6l00ird2qzf6xr5dgx;24576;Active;TIKTOK;👁 Просмотры / Охват;"TikTok | Просмотры";POST;NONE;0.12;No
cmqqaqz8b00j9d2qzllk398nn;33868;Active;TIKTOK;👁 Просмотры / Охват;"TikTok Просмотры [850 Просмотров + 150 Лайков | 0-1/Ч | Списания Возможны | Без Гарантии]";POST;NONE;124.1;No
cmqqaqz6s00itd2qzg84tb4ud;370;Active;TIKTOK;👁 Просмотры / Охват;"TikTok Просмотры [MQ | 0-1/Ч | 10М/Д | Списания Возможны | Гарантия 1Д]";POST;NONE;0.09;No
cmqqaqz7x00j5d2qz0sf9u53w;2915;Active;TIKTOK;👁 Просмотры / Охват;"TikTok Просмотры [Без списаний]";POST;NONE;6.84132530120482;No
cmqqaqz7q00j3d2qzvc52471l;425;Active;TIKTOK;👁 Просмотры / Охват;"TikTok Просмотры [Безлимитные | Весь Мир | 0-1/Ч | 10М/Д | Списания Возможны | Без Гарантии]";POST;NONE;0.1349397590361446;No
cmqqaqz7600ixd2qzuc5dauly;13939;Active;TIKTOK;👁 Просмотры / Охват;"TikTok Просмотры [Великобритания | 0-1/Ч | 100К/Д | Без Гарантии]";POST;NONE;0.01698795180722891;No
cmqqaqz6z00ivd2qzv8ilxnm8;13938;Active;TIKTOK;👁 Просмотры / Охват;"TikTok Просмотры [Турция | 0-1/Ч | 100К/Д | Без Гарантии]";POST;NONE;0.08493975903614458;No
cmqqaqz7d00izd2qzln93bqxg;2957;Active;TIKTOK;👁 Просмотры / Охват;"🔥TikTok Просмотры [Без гарантии] [Лучшая цена]";POST;NONE;0.6;No
cmqqaqz9w00jnd2qzhu03ddw8;437;Active;TIKTOK;👨‍👩‍👧‍👦 Подписчики / Участники;"437. Тикток подписчики + гарантия #2♻️";CHANNEL;NONE;6.771445783132529;No
cmqqaqz9i00jjd2qzqs6qwy0t;837;Active;TIKTOK;👨‍👩‍👧‍👦 Подписчики / Участники;"837. Tiktok подписчики + гарантия ♻️";CHANNEL;NONE;4.955903614457831;No
cmqqaqz9200jfd2qzqj5iss0b;34554;Active;TIKTOK;👨‍👩‍👧‍👦 Подписчики / Участники;"TikTok (TT) | Подписчики [HQ] [Сервер 5]";CHANNEL;NONE;6.08;No
cmqqaqz9a00jhd2qzyc20dqe3;39843;Active;TIKTOK;👨‍👩‍👧‍👦 Подписчики / Участники;"TikTok (TT) | Подписчики [Европа 🇪🇺]";CHANNEL;NONE;6.340000000000001;No
cmqqaqz8k00jbd2qzx1s5h4de;34249;Active;TIKTOK;👨‍👩‍👧‍👦 Подписчики / Участники;"TikTok (TT) | Подписчики [Пакистан 🇵🇰]";CHANNEL;NONE;2.61;No
cmqqaqz8t00jdd2qz2s15dpah;31170;Active;TIKTOK;👨‍👩‍👧‍👦 Подписчики / Участники;"TikTok (TT) | Подписчики [Стабильные] [Сервер 2]";CHANNEL;NONE;3.57;No
cmqqaqza300jpd2qznpt1gn8m;27862;Active;TIKTOK;👨‍👩‍👧‍👦 Подписчики / Участники;"TikTok Подписчики [LQ | 0-3/Ч | 5К/Д | Списания Возможны | Без Гарантии | S2]";CHANNEL;NONE;0.7480722891566266;No
cmqqaqzah00jtd2qzb9d504f6;31392;Active;TIKTOK;👨‍👩‍👧‍👦 Подписчики / Участники;"TikTok Подписчики [VHQ | 0-1/Ч | 15К/Д | Списания Возможны | Гарантия 60Д]";CHANNEL;NONE;8.139518072289157;No
cmqqaqzaa00jrd2qz96tfyr7t;426;Active;TIKTOK;👨‍👩‍👧‍👦 Подписчики / Участники;"TikTok Подписчики [Живые | 0-30/М | 3К/Д | Списания Возможны | Гарантия 14Д]";CHANNEL;NONE;4.553975903614458;No
cmqqaqz9p00jld2qzy3g4jb1a;2998;Active;TIKTOK;👨‍👩‍👧‍👦 Подписчики / Участники;"🔥TikTok Подписчики [Быстрый старт] [30 Дней гарантии♻️]";CHANNEL;NONE;132.0390361445783;No
cmqqaqzcb00kbd2qz4rcgv2lv;846;Active;TIKTOK;📌 Сохранения / Saves;"846. TikTok Сохранения";POST;NONE;0.2267469879518072;No
cmqqaqzc300k9d2qzndggmnm1;847;Active;TIKTOK;📌 Сохранения / Saves;"847. TikTok Сохранения";POST;NONE;0.2267469879518072;No
cmqqaqzbh00k3d2qzl5xjmbul;24707;Active;TIKTOK;📌 Сохранения / Saves;"TikTok (TT) | Сохранения в избранное [Быстрые]";POST;NONE;0.18;No
cmqqaqzb100jzd2qzx680himq;40914;Active;TIKTOK;📌 Сохранения / Saves;"TikTok (TT) | Сохранения в избранное [Европа 🇪🇺]";POST;NONE;3.15;No
cmqqaqzau00jxd2qzy62s3wgb;34292;Active;TIKTOK;📌 Сохранения / Saves;"TikTok (TT) | Сохранения в избранное [США 🇺🇸]";POST;NONE;3.15;No
cmqqaqzao00jvd2qzitanfg4u;34225;Active;TIKTOK;📌 Сохранения / Saves;"TikTok (TT) | Сохранения в избранное [Стабильные]";POST;NONE;0.5499999999999999;No
cmqqaqzb900k1d2qzokm49k2a;34226;Active;TIKTOK;📌 Сохранения / Saves;"TikTok (TT) | Сохранения в избранное [👤 Живые]";POST;NONE;10;No
cmqqaqzbo00k5d2qzur6u7e4q;29002;Active;TIKTOK;📌 Сохранения / Saves;"TikTok Сохранения [0-1/Ч | 2К/Д | Списания Возможны | Гарантия 30Д]";POST;NONE;0.4320481927710843;No
cmqqaqzci00kdd2qzubwwhudn;34006;Active;TIKTOK;📌 Сохранения / Saves;"TikTok Сохранения [Последние 10 видео | HQ | 0-15/М | 10К/Д | Списания Возможны | Без Гарантии]";CHANNEL_POSTS;NONE;0.01506024096385542;No
cmqqaqzbw00k7d2qz2z12k9dp;34005;Active;TIKTOK;📌 Сохранения / Saves;"TikTok Сохранения [Последние 5 видео | HQ | 0-15/М | 10К/Д | Списания Возможны | Без Гарантии]";CHANNEL_POSTS;NONE;0.01397590361445783;No
cmqqaqzf800kpd2qzout04o47;40913;Active;TIKTOK;📢 Репосты / Поделиться;"TikTok (TT) | Репост в профиль [👤 Живые]";POST;NONE;60;No
cmqqaqzfg00krd2qz1t11ltgx;30486;Active;TIKTOK;📢 Репосты / Поделиться;"TikTok (TT) | Репост истории (Shares) [👤 Живые]";POST;NONE;60;No
cmqqaqzcp00kfd2qzqfbdhvzw;34229;Active;TIKTOK;📢 Репосты / Поделиться;"TikTok (TT) | Репосты (Shares)";POST;NONE;0.24;No
cmqqaqzel00kjd2qzpgmkci8b;40916;Active;TIKTOK;📢 Репосты / Поделиться;"TikTok (TT) | Репосты (Shares) [Европа 🇪🇺]";POST;NONE;2.12;No
cmqqaqzcw00khd2qzxgf4njwt;40915;Active;TIKTOK;📢 Репосты / Поделиться;"TikTok (TT) | Репосты (Shares) [США 🇺🇸]";POST;NONE;2.12;No
cmqqaqzf000knd2qz8x2xrn1o;40912;Active;TIKTOK;📢 Репосты / Поделиться;"TikTok (TT) | Репосты (Shares) [👤 Живые]";POST;NONE;60;No
cmqqaqzfz00kvd2qzye44068x;29001;Active;TIKTOK;📢 Репосты / Поделиться;"TikTok Репосты [Дешевые | 0-1/Ч | 10К/Д | Списания Возможны | Гарантия 30Д]";POST;NONE;0.9974698795180723;No
cmqqaqzg600kxd2qzr7tprm6l;1897;Active;TIKTOK;📢 Репосты / Поделиться;"TikTok Репосты [Живые] [РФ+СНГ]";POST;NONE;302.25;No
cmqqaqzfn00ktd2qz3j3dpnci;139;Active;TIKTOK;📢 Репосты / Поделиться;"TikTok Репосты [Реальные | 0-3/Ч | 500-1К/Ч | Списания 20-40% | Без Гарантии]";POST;NONE;0.1007228915662651;No
cmqqaqzet00kld2qz9paimqmj;31187;Active;TIKTOK;📢 Репосты / Поделиться;"TikTok — Репосты (Поделиться) на Стрим 📣🔴 / ⭐ Высокое качество";POST;NONE;0.5;No
cmqqaqzgd00kzd2qzd2vlqogg;2974;Active;TIKTOK;🔄 Автопросмотры;"TikTok Просмотры [Авто-Восстановление 30 Дней♻️]";CHANNEL_POSTS;NONE;8.141686746987952;No
cmqqaqziv00ljd2qzo30cb275;921;Active;TIKTOK;🔴 Стримы;"921. Tiktok Live зрители (~15 минут)";POST;NONE;1.070963855421687;No
cmqqaqzi700ldd2qz1qhpkcdf;28744;Active;TIKTOK;🔴 Стримы;"TikTok Зрители [180 Минут | 0-30/М | Плавное Раcхождение 50%]";POST;NONE;19.35361445783132;No
cmqqaqzh800l7d2qzw9rsb3qs;28740;Active;TIKTOK;🔴 Стримы;"TikTok Зрители [30 Минут | 0-30/М | Плавное Раcхождение 50%]";POST;NONE;3.225542168674699;No
cmqqaqzhr00l9d2qz3ey3ukp9;28741;Active;TIKTOK;🔴 Стримы;"TikTok Зрители [60 Минут | 0-30/М | Плавное Раcхождение 50%]";POST;NONE;6.451204819277109;No
cmqqaqzi000lbd2qzgxzds6qh;28742;Active;TIKTOK;🔴 Стримы;"TikTok Зрители [90 Минут | 0-30/М | Плавное Раcхождение 50%]";POST;NONE;9.676867469879518;No
cmqqaqzgs00l3d2qz5dikvf4g;2947;Active;TIKTOK;🔴 Стримы;"TikTok Зрители на трансляцию [15 Минут]";POST;NONE;78.28855421686747;No
cmqqaqzh000l5d2qz8w2cy0ad;2948;Active;TIKTOK;🔴 Стримы;"TikTok Зрители на трансляцию [30 Минут]";POST;NONE;154.2402409638554;No
cmqqaqzio00lhd2qzf5gjohez;2949;Active;TIKTOK;🔴 Стримы;"TikTok Зрители на трансляцию [60 Минут]";POST;NONE;311.9860240963856;No
cmqqaqzif00lfd2qze5cfwa58;29848;Active;TIKTOK;🔴 Стримы;"TikTok — Зрители на Стрим / ⏳ Удержание 3 часа";POST;NONE;17.97;No
cmqqaqzgl00l1d2qz29ss9otd;31185;Active;TIKTOK;🔴 Стримы;"TikTok — Очки Битвы (Battle Points) / ⚔️ Для победы в баттлах";POST;NONE;0.25;No
cmqqaqzja00lnd2qzgkxplg6s;32855;Active;TIKTOK;🤖 Роботы / Боты;"TikTok Лайки [Живые и Боты | 0-15/М | 20К/Д | Списания Возможны | Без Гарантии]";POST;NONE;0.07602409638554217;No
cmqqaqzj200lld2qzqjrwu80i;37760;Active;TIKTOK;🤖 Роботы / Боты;"TikTok — Лайки на Истории / ❤️🕒🤖 Боты";POST;NONE;0.46;No
cmqqaqzjh00lpd2qzn8dr1f6i;31;Active;TIKTOK;🤝 Заявки в друзья;"ᴛᴛ TikTok бан аккаунта";CHANNEL;NONE;481.9277108433735;No
cmqqaqzjw00ltd2qz5ab0s8lv;40818;Active;TWITCH;❤️ Лайки / Нравится;"Twitch | Добавить в избранное (Видео/Клип) [👤 Живые]";POST;NONE;70;No
cmqqaqzjp00lrd2qzk05zr2mm;40821;Active;TWITCH;❤️ Лайки / Нравится;"Twitch | Лайки (Видео/Клип) [👤 Живые]";POST;NONE;50;No
cmqqaqzm500mdd2qznb6luj3s;358;Active;TWITCH;👁 Просмотры / Охват;"358. Twitch просмотры на видео";POST;NONE;1.44578313253012;No
cmqqaqzlh00m7d2qzk78j7znh;40830;Active;TWITCH;👁 Просмотры / Охват;"Twitch | Просмотры клипа";POST;NONE;2.95;No
cmqqaqzlq00m9d2qzg3wp4g7u;31440;Active;TWITCH;👁 Просмотры / Охват;"Twitch Просмотры [История | HQ | 0-1/Ч | 1-2К/Ч | Списания Возможны | Без Гарантии]";POST;NONE;1.671084337349398;No
cmqqaqzl500m5d2qzicybfsws;33053;Active;TWITCH;👁 Просмотры / Охват;"Twitch Просмотры [Клип | HQ | Недорого | 0-15/M | 4К/Ч | Списания Возможны | Без Гарантии]";POST;NONE;0.06421686746987952;No
cmqqaqzkp00m1d2qzs5be4q86;29146;Active;TWITCH;👁 Просмотры / Охват;"Twitch Просмотры [Клип | MQ | Недорого | 0-15/M | 3К/Ч | Списания Возможны | Без Гарантии]";POST;NONE;0.05144578313253011;No
cmqqaqzkw00m3d2qzancye16p;31454;Active;TWITCH;👁 Просмотры / Охват;"Twitch Просмотры [Клип | VHQ | Недорого | 0-15/M | 10К/Ч | Гарантия 30Д] - Twitch API";POST;NONE;0.05144578313253011;No
cmqqaqzk300lvd2qz3fmatbq1;673;Active;TWITCH;👁 Просмотры / Охват;"Twitch Просмотры [Клип | VHQ | Недорого | 0-15/M | 1K/Ч | Гарантия 30Д]";POST;NONE;0.03855421686746988;No
cmqqaqzki00lzd2qzgdlmkqfi;26647;Active;TWITCH;👁 Просмотры / Охват;"Twitch Просмотры [Клип | VHQ | Недорого | 0-15/M | 3К/Ч | Гарантия 30Д]";POST;NONE;0.04493975903614458;No
cmqqaqzkb00lxd2qzywpveu13;25118;Active;TWITCH;👁 Просмотры / Охват;"Twitch Просмотры [Недорого | VoD | 0-15/М | 1К/Ч | Гарантия 30Д] - Twitch API";POST;NONE;0.09;No
cmqqaqzlx00mbd2qztslvg6nd;2560;Active;TWITCH;👁 Просмотры / Охват;"Twitch Просмотры клипов [Лучшая цена] ⚡️";POST;NONE;5.311325301204819;No
cmqqaqzmf00mfd2qzn4ogqmnf;71;Active;TWITCH;👥 Вступление в группы / чаты;"Bits на Ваш Twitch канал [Cheers | Недорого]";CHANNEL;NONE;0.8355421686746988;No
cmqqaqzmz00mjd2qzd3vqcn2d;2184;Active;TWITCH;👥 Вступление в группы / чаты;"Twitch Bits на ваш канал";CHANNEL;NONE;82.98590361445783;No
cmqqaqzmq00mhd2qzlsufngam;31734;Active;TWITCH;👥 Вступление в группы / чаты;"Twitch | Юзерлист [1 Час] [Только чат] [Без просмотров/онлайна]";CHANNEL;NONE;3.05;No
cmqqaqzou00mvd2qzfwmgwvfc;355;Active;TWITCH;👨‍👩‍👧‍👦 Подписчики / Участники;"355. Twitch Подписчики + Гарантия [15 дней]♻️";CHANNEL;NONE;1.7;No
cmqqaqznr00mpd2qzkxnosbwp;356;Active;TWITCH;👨‍👩‍👧‍👦 Подписчики / Участники;"356. Twitch Подписчики + Гарантия [90 дней]♻️";CHANNEL;NONE;4.337349397590361;No
cmqqaqzp300mxd2qz6s4b779q;34345;Active;TWITCH;👨‍👩‍👧‍👦 Подписчики / Участники;"Twitch | Фолловеры";CHANNEL;NONE;1.16;No
cmqqaqzo000mrd2qzq25z9cht;40829;Active;TWITCH;👨‍👩‍👧‍👦 Подписчики / Участники;"Twitch | Фолловеры (Подписчики) [Ультра Стабильные] [Сервер 3]";CHANNEL;NONE;2.95;No
cmqqaqzpq00n3d2qzl2xvlikh;40824;Active;TWITCH;👨‍👩‍👧‍👦 Подписчики / Участники;"Twitch | Фолловеры для прямого эфира (Подписчики) [👤 Живые]";CHANNEL;NONE;70;No
cmqqaqzn900mld2qzqk4fe5ym;402;Active;TWITCH;👨‍👩‍👧‍👦 Подписчики / Участники;"Twitch Подписчики";CHANNEL;NONE;0.1325301204819277;No
cmqqaqzpj00n1d2qzmsp81j3l;1356;Active;TWITCH;👨‍👩‍👧‍👦 Подписчики / Участники;"Twitch Подписчики [30 дней гарантии] [2к/День]";CHANNEL;NONE;19.73614457831325;No
cmqqaqzpb00mzd2qzvgahj3ds;3106;Active;TWITCH;👨‍👩‍👧‍👦 Подписчики / Участники;"Twitch Подписчики [Лучшая цена][Гарантия 30 Дней]";CHANNEL;NONE;12;No
cmqqaqznh00mnd2qzpioazp5m;61;Active;TWITCH;👨‍👩‍👧‍👦 Подписчики / Участники;"Twitch Фолловеры [0-15/М | 5K/Д | Списания Возможны | Без Гарантии]";CHANNEL;NONE;0.1927710843373494;No
cmqqaqzod00mtd2qzx3szzrki;625;Active;TWITCH;👨‍👩‍👧‍👦 Подписчики / Участники;"Twitch Фолловеры [Живые | 0-3/Ч | 1К/Д | Списания Возможны | Гарантия 90Д]";CHANNEL;NONE;2.956506024096385;No
cmqqaqzpw00n5d2qzh4jdqecb;27498;Active;TWITCH;💬 Комментарии / Отзывы;"Живое общение [Twitch | Дневной | Новичок | 1 час | Общая база ников]";POST;NONE;3843.528433734939;No
cmqqaqzq300n7d2qzw7u1nvja;37570;Active;TWITCH;📢 Репосты / Поделиться;"Twitch | Репосты (Микс / Любая) [👤 Живые]";POST;NONE;500;No
cmqqaqzqp00ndd2qz7qi4lrvc;701;Active;TWITCH;🔄 Автопросмотры;" Зрители Twitch [1 час | Дроп 0-10% | Без просмотров | С авторизацией в чате]";CHANNEL_POSTS;NONE;2.249518072289157;No
cmqqaqzqw00nfd2qzyuabaz9l;702;Active;TWITCH;🔄 Автопросмотры;" Зрители Twitch [3 часа | Дроп 0-10% | Без просмотров | С авторизацией в чате]";CHANNEL_POSTS;NONE;6.68433734939759;No
cmqqaqzry00npd2qz8z57fuxr;676;Active;TWITCH;🔄 Автопросмотры;"Зрители Twitch [1 день | Дроп 10% | С просмотрами | C авторизацией | Удержание 180 минут]";CHANNEL_POSTS;NONE;35.94144578313253;No
cmqqaqzri00nld2qzcyr98ac8;14766;Active;TWITCH;🔄 Автопросмотры;"Зрители Twitch [1 час | Дроп 0-10% | Без просмотров | Без авторизации в чате]";CHANNEL_POSTS;NONE;1.413975903614458;No
cmqqaqzr400nhd2qzdwkxv7od;1046;Active;TWITCH;🔄 Автопросмотры;"Зрители Twitch [1 час | Дроп 10% | С просмотрами | C авторизацией | 100% Удержание]";CHANNEL_POSTS;NONE;3.856385542168674;No
cmqqaqzqb00n9d2qz38rmkmk2;33546;Active;TWITCH;🔄 Автопросмотры;"Зрители Twitch [15 минут | Дроп 0-10% | С просмотрами | Удержание 5 минут | 100% Авторизации]";CHANNEL_POSTS;NONE;0.7713253012048192;No
cmqqaqzrb00njd2qzzfn3wli2;14187;Active;TWITCH;🔄 Автопросмотры;"Зрители Twitch [2 часа | Дроп 10% | С просмотрами | C авторизацией | 100% Удержание]";CHANNEL_POSTS;NONE;7.635662650602409;No
cmqqaqzrq00nnd2qzxosbhqmu;14777;Active;TWITCH;🔄 Автопросмотры;"Зрители Twitch [3 часа | Дроп 0-10% | Без просмотров | Без авторизации в чате]";CHANNEL_POSTS;NONE;4.203493975903615;No
cmqqaqzqi00nbd2qzix9dg0rt;25257;Active;TWITCH;🔄 Автопросмотры;"Зрители Twitch [3 часа | С просмотрами | Без авторизации | Плавающие 10% | Микс]";CHANNEL_POSTS;NONE;9.473855421686748;No
cmqqaqzs600nrd2qz48jhd7x0;2807;Active;TWITCH;🔄 Автопросмотры;"🇷🇺Twitch Зрители [15 Минут][С просмотрами][Удержание 5 минут][100% Авторизации][Россия]";CHANNEL_POSTS;NONE;113.4310843373494;No
cmqqaqztd00o3d2qzaeaicvw4;1075;Active;TWITCH;🔴 Стримы;"1075. Twitch Зрители прямой трансляции [В течение 5 минут]";POST;NONE;1.867469879518072;No
cmqqaqzts00o7d2qz4q9ps3uh;1095;Active;TWITCH;🔴 Стримы;"1095. Twitch Зрители прямой трансляции [В течение 30 минут]";POST;NONE;8.614457831325302;No
cmqqaqzu600obd2qz7chzj2w0;1097;Active;TWITCH;🔴 Стримы;"1097. Twitch Зрители прямой трансляции [В течение 120 минут]";POST;NONE;34.33734939759036;No
cmqqaqzsd00ntd2qzbt59i0ps;25600;Active;TWITCH;🔴 Стримы;"Twitch Live Stream | Зрители [США 🇺🇸] [Удержание: 1 час]";POST;NONE;2.66;No
cmqqaqzsk00nvd2qz0h1kl7se;31662;Active;TWITCH;🔴 Стримы;"Twitch Live Stream | Зрители [США 🇺🇸] [Удержание: 3 часа]";POST;NONE;7.9;No
cmqqaqztz00o9d2qz8t6r3mny;2796;Active;TWITCH;🔴 Стримы;"Twitch Зрители на трансляцию [45 Минут] [Удержание 5 минут]";POST;NONE;84.13108433734939;No
cmqqaqztk00o5d2qz2afywbav;2791;Active;TWITCH;🔴 Стримы;"Twitch Зрители на трансляцию [5 Минут] [Удержание 5 минут]";POST;NONE;9.837951807228915;No
cmqqaqzt600o1d2qzyln99bww;826;Active;TWITCH;🔴 Стримы;"Зрители Twitch [1 неделя | С авторизацией | США/Европа | API | Дроп 0-10%]";CHANNEL_POSTS;NONE;81.43397590361447;No
cmqqaqzsr00nxd2qzww6lznbm;823;Active;TWITCH;🔴 Стримы;"Зрители Twitch [1 час | С авторизацией | США/Европа | Дроп 0-10% | API]";CHANNEL_POSTS;NONE;3.625060240963855;No
cmqqaqzsz00nzd2qzsn26bd3d;824;Active;TWITCH;🔴 Стримы;"Зрители Twitch [3 Часа | С Авторизацией | США/Европа | Дроп 0-10% | API]";CHANNEL_POSTS;NONE;8.14987951807229;No
cmqqaqzwn00ovd2qz6wbyqd9x;34471;Active;TWITCH;🤖 Роботы / Боты;"Twitch Чат-Боты [50 | 1-24 часа | Русский | Искусственный интеллект | 0-15/М | Интервал 30 секунд]";POST;NONE;2185.283734939759;No
cmqqaqzvs00ond2qzlr9z316q;32572;Active;TWITCH;🤖 Роботы / Боты;"Twitch Чат-Боты [Случайные Эмодзи | Интервал 1 мин | 1 Час | Безлимитные Фразы]";POST;NONE;2;No
cmqqaqzwg00otd2qzgw96sjoj;32900;Active;TWITCH;🤖 Роботы / Боты;"Twitch Чат-Боты [Случайные Эмодзи | Интервал 1 сек | 1 Месяц | Безлимитные Фразы]";POST;NONE;302;No
cmqqaqzuv00ofd2qzyov08vul;32567;Active;TWITCH;🤖 Роботы / Боты;"Twitch Чат-Боты [Случайные Эмодзи | Интервал 1 сек | 1 Час | Безлимитные Фразы]";POST;NONE;2;No
cmqqaqzve00ojd2qzq1rk36kx;32569;Active;TWITCH;🤖 Роботы / Боты;"Twitch Чат-Боты [Случайные Эмодзи | Интервал 10 сек | 1 Час | Безлимитные Фразы]";POST;NONE;2;No
cmqqaqzuf00odd2qzkyeiodec;25586;Active;TWITCH;🤖 Роботы / Боты;"Twitch Чат-Боты [Случайные Эмодзи | Интервал 3 сек | 1 Час | Безлимитные Фразы]";POST;NONE;2;No
cmqqaqzvl00old2qzyrzjl6oy;32570;Active;TWITCH;🤖 Роботы / Боты;"Twitch Чат-Боты [Случайные Эмодзи | Интервал 30 сек | 1 Час | Безлимитные Фразы]";POST;NONE;2;No
cmqqaqzv600ohd2qzbxhilup3;32568;Active;TWITCH;🤖 Роботы / Боты;"Twitch Чат-Боты [Случайные Эмодзи | Интервал 5 сек | 1 Час | Безлимитные Фразы]";POST;NONE;2;No
cmqqaqzw000opd2qzp3p03dpo;32699;Active;TWITCH;🤖 Роботы / Боты;"Twitch Чат-Боты [Случайные Эмодзи | Интервал 7 сек | 1 Час | Безлимитные Фразы]";POST;NONE;2;No
cmqqaqzw800ord2qzjfq9u27w;32700;Active;TWITCH;🤖 Роботы / Боты;"Twitch Чат-Боты [Случайные Эмодзи | Интервал 9 сек | 1 Час | Безлимитные Фразы]";POST;NONE;2;No
cmqqaqzwv00oxd2qzv93t07rb;25556;Active;TWITCH;🤝 Заявки в друзья;"Twitch | Биты (Cheers)";CHANNEL;NONE;1.14;No
cmqqaqzxo00p5d2qzvb5eekpp;40757;Active;TWITCH;🤝 Заявки в друзья;"Twitch | Платная подписка [Tier 1] [1 Месяц]";CHANNEL_POSTS;NONE;1557.2;No
cmqqaqzxw00p7d2qzcy13bcu5;40758;Active;TWITCH;🤝 Заявки в друзья;"Twitch | Платная подписка [Tier 2] [1 Месяц]";CHANNEL_POSTS;NONE;3217;No
cmqqaqzx200ozd2qzkkq6ebz4;985;Active;TWITCH;🤝 Заявки в друзья;"Twitch Платная Подписка [Tир 1 | 1 Месяц | 0-24/Ч | 100/Д | Списания Возможны | Без Гарантии]";CHANNEL_POSTS;NONE;1160.771325301205;No
cmqqaqzxa00p1d2qzefdstcgr;32432;Active;TWITCH;🤝 Заявки в друзья;"Twitch Платная Подписка [Tир 2 | 1 Месяц | 0-24/Ч | 100/Д | Списания Возможны | Без Гарантии]";CHANNEL_POSTS;NONE;2382.216265060241;No
cmqqaqzxh00p3d2qz85enfn05;32433;Active;TWITCH;🤝 Заявки в друзья;"Twitch Платная Подписка [Tир 3 | 1 Месяц | 0-24/Ч | 100/Д | Списания Возможны | Без Гарантии]";CHANNEL_POSTS;NONE;3725.266024096386;No
cmqqaqzy300p9d2qz8laqpnaa;30999;Active;KICK;❤️ Лайки / Нравится;"Kick | Лайки [👤 Живые]";POST;NONE;40;No
cmqqaqzzj00pnd2qzelbi67jo;1056;Active;KICK;👁 Просмотры / Охват;"1056. Kick просмотры стрима";POST;NONE;1.340361445783133;No
cmqqaqzyi00pdd2qzah72gb1y;28739;Active;KICK;👁 Просмотры / Охват;"Kick | Просмотры Видео (VOD)";POST;NONE;0.06999999999999999;No
cmqqaqzyx00phd2qzv8e7xrdq;37475;Active;KICK;👁 Просмотры / Охват;"Kick | Просмотры Клипов";POST;NONE;0.06;No
cmqqaqzz400pjd2qziklvfzn4;2238;Active;KICK;👁 Просмотры / Охват;"Kick Просмотры видео [Высокое качество]";POST;NONE;4.580481927710843;No
cmqqaqzzc00pld2qz4q4ukddv;2239;Active;KICK;👁 Просмотры / Охват;"Kick Просмотры клипов [Моментальные]";POST;NONE;9.96722891566265;No
cmqqaqzyq00pfd2qzqrcxgrlm;23597;Active;KICK;👁 Просмотры / Охват;"Kick.com Просмотры [Видео | MQ | 0-1/Ч | 5-8К/Д | Списания Возможны | Гарантия 30Д]";POST;NONE;0.1285542168674699;No
cmqqaqzya00pbd2qzs9mv07ho;27835;Active;KICK;👁 Просмотры / Охват;"Kick.com Просмотры [Клип | MQ | 0-1/Ч | 5-8К/Д | Списания Возможны | Гарантия 30Д]";POST;NONE;0.1027710843373494;No
cmqqar01200pzd2qz0j927fgc;1055;Active;KICK;👨‍👩‍👧‍👦 Подписчики / Участники;"1055. Kick подписчики";CHANNEL;NONE;19.83240963855421;No
cmqqar00v00pxd2qz1c3kilye;34458;Active;KICK;👨‍👩‍👧‍👦 Подписчики / Участники;"Kick | Подписчики на канал";CHANNEL;NONE;19.13;No
cmqqar01h00q3d2qzg5qf6wiz;28741;Active;KICK;👨‍👩‍👧‍👦 Подписчики / Участники;"Kick | Подписчики на канал [👤 Живые]";CHANNEL;NONE;60;No
cmqqaqzzx00prd2qzfq58hw45;31604;Active;KICK;👨‍👩‍👧‍👦 Подписчики / Участники;"Kick.com Подписчики [HQ | 0-1/Ч | 5К/Д | Возможны Списания | Без Гарантии]";CHANNEL;NONE;9.070120481927711;No
cmqqar00l00pvd2qzyn89ksal;17714;Active;KICK;👨‍👩‍👧‍👦 Подписчики / Участники;"Kick.com Подписчики [HQ | 0-3/Ч | 1K/Д | Списания Возможны | Гарантия 30Д]";CHANNEL;NONE;25.69638554216868;No
cmqqar00500ptd2qzwukqin8s;27645;Active;KICK;👨‍👩‍👧‍👦 Подписчики / Участники;"Kick.com Подписчики [HQ | 0-6/Ч | 20К/Д | Списания Возможны | Без Гарантии]";CHANNEL;NONE;8.406867469879518;No
cmqqar01a00q1d2qz0nk7brd0;1295;Active;KICK;👨‍👩‍👧‍👦 Подписчики / Участники;"Kick.com Подписчики [Высокое качество аккаунтов] [Гарантия 30 Дней]";CHANNEL;NONE;189.385421686747;No
cmqqaqzzq00ppd2qzrav34lz2;24609;Active;KICK;👨‍👩‍👧‍👦 Подписчики / Участники;"Подписчики Kick.com [MQ | 0-1/Ч | 1К/Д | Возможны Списания | Без Гарантии]";CHANNEL;NONE;7.327108433734939;No
cmqqar01o00q5d2qznucgw6oj;41192;Active;KICK;📢 Репосты / Поделиться;"Kick | Репосты (Внешние) [👤 Живые]";POST;NONE;250;No
cmqqar02200q9d2qzwjaicqgy;33248;Active;KICK;🔴 Стримы;"Kick | Зрители на стрим [15 минут]";POST;NONE;0.09;No
cmqqar03900qld2qzp9tavx8p;41203;Active;KICK;🔴 Стримы;"Kick | Зрители на стрим [2 Часа] [👤 Живые]";POST;NONE;42.48;No
cmqqar02o00qfd2qzy1uey60s;41201;Active;KICK;🔴 Стримы;"Kick | Зрители на стрим [24 часа]";POST;NONE;7.77;No
cmqqar03200qjd2qz6ss569uj;2550;Active;KICK;🔴 Стримы;"Kick Зрители на трансляцию [45 Минут] [Без Падений]";POST;NONE;25.70674698795181;No
cmqqar02g00qdd2qzqy1z0jgm;2546;Active;KICK;🔴 Стримы;"Kick Зрители на трансляцию [5 Минут] [Без Падений]";POST;NONE;7.712048192771085;No
cmqqar02v00qhd2qzqybq3gud;32883;Active;KICK;🔴 Стримы;"Зрители Kick.com [Албания | Дешёвые | С Авторизацией | 1 День | Дроп 0-30%]";CHANNEL_POSTS;NONE;38.43530120481928;No
cmqqar02900qbd2qzgt3ldtcx;23851;Active;KICK;🔴 Стримы;"Зрители Kick.com [Дешёвые | Без авторизации | 240 минут | Дроп 0-30%]";CHANNEL_POSTS;NONE;7.661325301204819;No
cmqqar01v00q7d2qz5tj2el8h;26408;Active;KICK;🔴 Стримы;"Зрители Kick.com [Дешёвые | Без авторизации | 30 минут | Дроп 0-30%]";CHANNEL_POSTS;NONE;0.9577108433734939;No
cmqqar04f00qxd2qzxbp5d5d7;34249;Active;KICK;🤖 Роботы / Боты;"Kick ИИ Чат-Боты [120 Минут | 0-15/М | Интервал 5-15 секунд | Уникальные]";POST;NONE;320.31;No
cmqqar03g00qnd2qz99gcazs1;34245;Active;KICK;🤖 Роботы / Боты;"Kick ИИ Чат-Боты [15 Минут | 0-15/М | Интервал 5-15 секунд | Уникальные]";POST;NONE;97.72506024096386;No
cmqqar03u00qrd2qzjluxhucg;34250;Active;KICK;🤖 Роботы / Боты;"Kick ИИ Чат-Боты [150 Минут | 0-15/М | Интервал 5-15 секунд | Уникальные]";POST;NONE;346.37;No
cmqqar03n00qpd2qzsgdjkazl;34246;Active;KICK;🤖 Роботы / Боты;"Kick ИИ Чат-Боты [30 Минут | 0-15/М | Интервал 5-15 секунд | Уникальные]";POST;NONE;175.9050602409639;No
cmqqar04100qtd2qzrpma1feg;34247;Active;KICK;🤖 Роботы / Боты;"Kick ИИ Чат-Боты [60 Минут | 0-15/М | Интервал 5-15 секунд | Уникальные]";POST;NONE;245.1520481927711;No
cmqqar04800qvd2qz8d93ri6k;34248;Active;KICK;🤖 Роботы / Боты;"Kick ИИ Чат-Боты [90 Минут | 0-15/М | Интервал 5-15 секунд | Уникальные]";POST;NONE;284.4774698795181;No
cmqqar04u00r1d2qz2vqv7ukt;18182;Active;KICK;🤖 Роботы / Боты;"Kick.com [Качественные | 50 зрителей + 50 чат ботов | 1 час]";POST;NONE;2892.287228915663;No
cmqqar04n00qzd2qzlnc48eio;2594;Active;KICK;🤖 Роботы / Боты;"Kick.com Чат - Бот [1 День] [Свой текст]";POST;TEXTAREA;2469.653855421687;No
cmqqar05100r3d2qzcskolytz;33427;Active;KICK;🤝 Заявки в друзья;" Kick.com KICKs [0-48/Ч | 5К/Д | Списания Возможны | Без Гарантии]";CHANNEL;NONE;4.820481927710843;No
cmqqar05800r5d2qznwgobcjv;33387;Active;KICK;🤝 Заявки в друзья;" Kick.com Платная Подписка [1 Месяц | 0-48/Ч | 10-30/Д | Списания Возможны | Без Гарантии]";CHANNEL_POSTS;NONE;3213.652530120482;No
cmqqar06f00rfd2qziwq2vvkg;224;Active;TWITTER;❤️ Лайки / Нравится;"224. X/Twitter Лайки";POST;NONE;5.524939759036145;No
cmqqar06o00rhd2qzd39geyyb;40505;Active;TWITTER;❤️ Лайки / Нравится;"Twitter (X) | Лайки [С Отчетом/Скриншоты] [👤 Живые]";POST;NONE;120;No
cmqqar05g00r7d2qzev4mfjrd;40206;Active;TWITTER;❤️ Лайки / Нравится;"Twitter (X) | Лайки [♻️ Рефил 1 день] [Сервер 1]";POST;NONE;2.49;No
cmqqar05o00r9d2qz4wxu1sb3;40215;Active;TWITTER;❤️ Лайки / Нравится;"Twitter (X) | Лайки [♻️ Рефил 10 дней] [Сервер 1]";POST;NONE;12.5;No
cmqqar05x00rbd2qzkhahmvdt;17682;Active;TWITTER;❤️ Лайки / Нравится;"Twitter Лайки [X.com | LQ | 0-3/Ч | 50К/Д | Списания Возможны | Без Гарантии]";POST;NONE;5.984939759036145;No
cmqqar06600rdd2qzwn2nx77w;31840;Active;TWITTER;❤️ Лайки / Нравится;"Twitter Лайки [X.com | США | Живые | 0-24/Ч |1К/Д | Возможны Списания | Гарантия 90Д]";POST;NONE;9.984096385542168;No
cmqqar06x00rjd2qz66hha3fp;1665;Active;TWITTER;❤️ Лайки / Нравится;"Twitter Лайки [Быстрый старт + гарантия 30 ♻️]";POST;NONE;348.2844578313253;No
cmqqar07c00rnd2qzuad7i4l5;32507;Active;TWITTER;👁 Просмотры / Охват;"Twitter (X) | Просмотры твита [Девайс: Микс]";POST;NONE;0.1;No
cmqqar07400rld2qz49p1rhsu;40603;Active;TWITTER;👁 Просмотры / Охват;"Twitter (X) | Просмотры твита [Монетизация]";POST;NONE;0.06;No
cmqqar08q00rtd2qz58g2eh6r;38114;Active;TWITTER;👁 Просмотры / Охват;"Twitter (X) | Просмотры твитов (Последние 10)";CHANNEL_POSTS;NONE;0.49;No
cmqqar07j00rpd2qz64mfctju;240;Active;TWITTER;👁 Просмотры / Охват;"Twitter Просмотры [Видео | 0-1/Ч | 10К/Д | Списания Возможны | Без Гарантии]";POST;NONE;0.03590361445783132;No
cmqqar08i00rrd2qztybvayl9;241;Active;TWITTER;👁 Просмотры / Охват;"Twitter Просмотры [Видео | 0-2/Ч | 10К/Д | Списания Возможны | Гарантия 90Д]";POST;NONE;0.07192771084337349;No
cmqqar09700rxd2qz3e1zmvsf;1669;Active;TWITTER;👁 Просмотры / Охват;"Twitter Просмотры на твит/видео [Без списаний]";POST;NONE;0.4644578313253012;No
cmqqar08z00rvd2qzkj773cwr;26931;Active;TWITTER;👁 Просмотры / Охват;"Twitter Часы Просмотров  [X.com | Пост | 0-15/М | 500K/Д | Списания Возможны | Гарантия 30Д]";POST;NONE;6;No
cmqqar0b800s7d2qzzdaa3hbi;31833;Active;TWITTER;👥 Вступление в группы / чаты;"Twitter Впечатления [X.com | Пост | HQ | Бразилия | 0-1/Ч | 500К/Д | Списания Возможны | Без Гарантии]";CHANNEL;NONE;0.25;No
cmqqar0bg00s9d2qzus0bj4d3;31834;Active;TWITTER;👥 Вступление в группы / чаты;"Twitter Впечатления [X.com | Пост | HQ | Германия | 0-1/Ч | 500К/Д | Списания Возможны | Без Гарантии]";CHANNEL;NONE;0.25;No
cmqqar0az00s5d2qzrgm0sgf2;31832;Active;TWITTER;👥 Вступление в группы / чаты;"Twitter Впечатления [X.com | Пост | HQ | Индия | 0-1/Ч | 500К/Д | Списания Возможны | Без Гарантии]";CHANNEL;NONE;0.25;No
cmqqar09f00rzd2qz8thmdhfv;31830;Active;TWITTER;👥 Вступление в группы / чаты;"Twitter Впечатления [X.com | Пост | HQ | Италия | 0-1/Ч | 500К/Д | Списания Возможны | Без Гарантии]";CHANNEL;NONE;0.25;No
cmqqar09n00s1d2qzac7su3a6;31829;Active;TWITTER;👥 Вступление в группы / чаты;"Twitter Впечатления [X.com | Пост | HQ | Микс | 0-1/Ч | 500К/Д | Списания Возможны | Без Гарантии]";CHANNEL;NONE;0.5599999999999999;No
cmqqar09v00s3d2qzf5i6v34k;31831;Active;TWITTER;👥 Вступление в группы / чаты;"Twitter Впечатления [X.com | Пост | HQ | Россия | 0-1/Ч | 500К/Д | Списания Возможны | Без Гарантии]";CHANNEL;NONE;0.25;No
cmqqar0bo00sbd2qz18v2ytpl;31835;Active;TWITTER;👥 Вступление в группы / чаты;"Twitter Впечатления [X.com | Пост | HQ | США | 0-1/Ч | 500К/Д | Списания Возможны | Без Гарантии]";CHANNEL;NONE;0.25;No
cmqqar0cx00snd2qz74vm8zmw;198;Active;TWITTER;👨‍👩‍👧‍👦 Подписчики / Участники;"198. X/Twitter подписчики быстрые";CHANNEL;NONE;23.53457831325301;No
cmqqar0cb00shd2qzwodfb4jb;40380;Active;TWITTER;👨‍👩‍👧‍👦 Подписчики / Участники;"Twitter (X) | Подписчики";CHANNEL;NONE;1.3;No
cmqqar0d400spd2qz3je10ugy;40374;Active;TWITTER;👨‍👩‍👧‍👦 Подписчики / Участники;"Twitter (X) | Подписчики [👤 Живые]";CHANNEL;NONE;50;No
cmqqar0bw00sdd2qz44kvhjtm;1695;Active;TWITTER;👨‍👩‍👧‍👦 Подписчики / Участники;"Twitter Подписчики [US / UK / ES] [Гарантия 30 Дней] [Всегда стабильные]";CHANNEL;NONE;1234.088072289157;No
cmqqar0c300sfd2qzbikek9os;105;Active;TWITTER;👨‍👩‍👧‍👦 Подписчики / Участники;"Twitter Фолловеры [X.com | 0-6/Ч | 500-1К/Д | Списания до 100% | Без Гарантии]";CHANNEL;NONE;0.6310843373493976;No
cmqqar0ci00sjd2qz6ib8epz6;24199;Active;TWITTER;👨‍👩‍👧‍👦 Подписчики / Участники;"Twitter Фолловеры [X.com | HQ | 0-24/Ч | 10К/Д | Списания до 100% | Без Гарантии]";CHANNEL;NONE;6.529638554216868;No
cmqqar0cp00sld2qzlb0jfhqk;31168;Active;TWITTER;👨‍👩‍👧‍👦 Подписчики / Участники;"Twitter Фолловеры [X.com | Живые | 0-2/Ч | 500-1К/Д | Списания Возможны | Без Гарантии]";CHANNEL;NONE;18;No
cmqqar0dd00srd2qzixa6x3qv;31839;Active;TWITTER;💎 Premium Подписчики;"Twitter Премиум Ретвит [X.com | Пост | Живые | 0-1/Ч | 100-250/Д | Списания Возможны | Гарантия 30Д]";CHANNEL;NONE;38;No
cmqqar0dm00std2qzpj3a82sp;17677;Active;TWITTER;💬 Комментарии / Отзывы;"Twitter Комментарии [X.com | Cлучайные | Живые | США | 0-12/Ч | 20-100/Д | Списания Возможны | Без Гарантии]";POST;NONE;57.77289156626506;No
cmqqar0dv00svd2qzqhnr5ert;33552;Active;TWITTER;💬 Комментарии / Отзывы;"Twitter Комментарии [X.com | Верифицированные аккаунты | 0-24/Ч | 7/Д | Списания Возможны | Без Гарантии]";POST;NONE;1801.820120481928;No
cmqqar0e400sxd2qzelktoev1;40619;Active;TWITTER;📊 Голоса / Опросы;"Twitter (X) | Голоса в опросе";POST;NUMBER;1.1;No
cmqqar0ed00szd2qzvzo94fxr;30832;Active;TWITTER;📊 Голоса / Опросы;"Twitter (X) | Голоса в опросе";POST;NUMBER;1.1;No
cmqqar0ek00t1d2qz02tvzen2;38168;Active;TWITTER;📊 Голоса / Опросы;"Twitter (X) | Голоса в опросе [Вариант 1] [👤 Живые]";POST;NUMBER;60;No
cmqqar0es00t3d2qzq8alhei7;40547;Active;TWITTER;📊 Голоса / Опросы;"Twitter (X) | Голоса в опросе [Вариант 2] [👤 Живые]";POST;NUMBER;60;No
cmqqar0f000t5d2qzzsoxd0rn;40548;Active;TWITTER;📊 Голоса / Опросы;"Twitter (X) | Голоса в опросе [Вариант 3] [👤 Живые]";POST;NUMBER;60;No
cmqqar0f800t7d2qzd22kpaf2;40549;Active;TWITTER;📊 Голоса / Опросы;"Twitter (X) | Голоса в опросе [Вариант 4] [👤 Живые]";POST;NUMBER;60;No
cmqqar0ff00t9d2qzlvb33ieo;40640;Active;TWITTER;📌 Сохранения / Saves;"Twitter (X) | Сохранения (Закладки)";POST;NONE;2;No
cmqqar0fm00tbd2qzhl21yl2k;40639;Active;TWITTER;📌 Сохранения / Saves;"Twitter (X) | Сохранения (Закладки)";POST;NONE;2;No
cmqqar0h200tpd2qzrrjbgzgv;40504;Active;TWITTER;📢 Репосты / Поделиться;"Twitter (X) | Репосты (Ретвиты) [С Отчетом/Скриншоты] [👤 Живые]";POST;NONE;120;No
cmqqar0ft00tdd2qzm343e1mb;40423;Active;TWITTER;📢 Репосты / Поделиться;"Twitter (X) | Репосты (Ретвиты) [♻️ Рефил 1 день]";POST;NONE;2.89;No
cmqqar0g100tfd2qzgot766wq;40425;Active;TWITTER;📢 Репосты / Поделиться;"Twitter (X) | Репосты (Ретвиты) [♻️ Рефил 3 дня]";POST;NONE;4.29;No
cmqqar0g900thd2qzvk57w33l;40427;Active;TWITTER;📢 Репосты / Поделиться;"Twitter (X) | Репосты (Ретвиты) [♻️ Рефил 5 дней]";POST;NONE;6.290000000000001;No
cmqqar0gu00tnd2qzay4lbdh2;40382;Active;TWITTER;📢 Репосты / Поделиться;"Twitter (X) | Репосты (Ретвиты) [👤 Живые]";POST;NONE;60;No
cmqqar0gn00tld2qzxkoezxat;17684;Active;TWITTER;📢 Репосты / Поделиться;"Ретвит для Twitter [Недорогие и Медленные]";POST;NONE;1.837469879518072;No
cmqqar0gg00tjd2qzqfmodjzt;176;Active;TWITTER;📢 Репосты / Поделиться;"♻ ʏᴛ Репосты в Twitter";POST;NONE;0.963855421686747;No
cmqqar0ha00trd2qzgxh9ql5n;40635;Active;TWITTER;🔄 Автолайки;"Twitter (X) | Лайк + Репост (Ретвит) + Подписка [Пакет] [👤 Живые]";CHANNEL_POSTS;NONE;100;No
cmqqar0ho00tvd2qzbs276y6s;40508;Active;TWITTER;🔴 Стримы;"Twitter (X) | Зрители прямого эфира [15 Мин]";POST;NONE;5.39;No
cmqqar0i500tzd2qz1ihv9bfg;40510;Active;TWITTER;🔴 Стримы;"Twitter (X) | Зрители прямого эфира [45 Мин]";POST;NONE;15.33;No
cmqqar0hh00ttd2qz8pf8o8ni;40507;Active;TWITTER;🔴 Стримы;"Twitter (X) | Зрители прямого эфира [5 Мин]";POST;NONE;1.87;No
cmqqar0id00u1d2qzeqqvk86q;40512;Active;TWITTER;🔴 Стримы;"Twitter (X) | Зрители прямого эфира [90 Мин]";POST;NONE;29;No
cmqqar0hw00txd2qzu9xece2j;23498;Active;TWITTER;🔴 Стримы;"Twitter Зрители [15 минут | Плавные | Дешевые | Перекрут 5%]";POST;NONE;4.92578313253012;No
cmqqar0in00u3d2qzrw3id5dq;23500;Active;TWITTER;🔴 Стримы;"Twitter Зрители [60 минут | Плавные | Дешевые | Перекрут 5%]";POST;NONE;18.18674698795181;No
cmqqar0iz00u5d2qzkk5vdrcy;23501;Active;TWITTER;🔴 Стримы;"Twitter Зрители [90 минут | Плавные | Дешевые | Перекрут 5%]";POST;NONE;26.52228915662651;No
cmqqar0kj00uhd2qzolg754x2;223;Active;TWITTER;🤝 Заявки в друзья;"223. X/Twitter ретвиты";CHANNEL;NONE;11.33289156626506;No
cmqqar0k300udd2qz77yf8m4h;38160;Active;TWITTER;🤝 Заявки в друзья;"Twitter (X) | Вовлеченность (Engagements)";CHANNEL;NONE;0.1;No
cmqqar0kc00ufd2qzkj8cf7l2;30725;Active;TWITTER;🤝 Заявки в друзья;"Twitter (X) | Клики по твиту (Детали) [Быстрые]";CHANNEL;NONE;0.06;No
cmqqar0j900u7d2qznk5m6t17;24475;Active;TWITTER;🤝 Заявки в друзья;"Twitter (X) | Клики по твиту (Детали) [Медленные]";CHANNEL;NONE;0.02506024096385542;No
cmqqar0ju00ubd2qzgzl7i10y;38166;Active;TWITTER;🤝 Заявки в друзья;"Twitter (X) | Клики по упоминанию";CHANNEL;NONE;0.06999999999999999;No
cmqqar0jk00u9d2qzdrxcrtp4;30724;Active;TWITTER;🤝 Заявки в друзья;"Twitter (X) | Клики по хэштегу";CHANNEL;NONE;0.1;No
cmqqar0kr00ujd2qzq6ccifre;33265;Active;TWITTER;🤝 Заявки в друзья;"Социальные Сигналы | X (Twitter) ✖️ | Для Быстрой Индексации ⚡ | Белое SEO | Живые Люди 🧑‍💻";CHANNEL;NONE;60;No
cmqqar0le00upd2qzxah3igus;399;Active;WEBSITE;🌐 Трафик / Посещения;"USA Трафик на сайт из Гугл по ключевым словам";POST;NONE;0.3253012048192771;No
cmqqar0kz00uld2qzpos8mki9;29990;Active;WEBSITE;🌐 Трафик / Посещения;"Прямой трафик (посетители) на веб-сайт (до 10 000 в день)";POST;NONE;0.53;No
cmqqar0l600und2qzk58xnxzr;32088;Active;WEBSITE;🌐 Трафик / Посещения;"Прямой трафик (посетители) на веб-сайт (до 250 000 в день)";POST;NONE;0.39;No
cmqqar0lt00utd2qzka59eufr;17975;Active;WEBSITE;🌐 Трафик / Посещения;"Трафик для сайта [Без реферера | Прямой | Недорого | Без гарантий]";POST;NONE;0.4;No
cmqqar0m100uvd2qzh5v8hupc;947;Active;WEBSITE;🌐 Трафик / Посещения;"Трафик для сайта по ключ. слову из Google";POST;NONE;0.4415662650602409;No
cmqqar0lm00urd2qz7qj1i36x;605;Active;WEBSITE;🌐 Трафик / Посещения;"🇨🇦 Трафик на сайт из Твиттер ⟮ Канада ⟯";POST;NONE;0.5180722891566265;No
cmqqar0m900uxd2qzgak5ln4v;29383;Active;WEBSITE;📊 Голоса / Опросы;"Xtremetop100.com [Голоса | 0-24/Ч | 1К/Д | Списания Возможны | Без Гарантии]";POST;NUMBER;80;No
cmqqar0mh00uzd2qzxgeqtin2;38075;Active;WEBSITE;🤝 Заявки в друзья;"Социальные Сигналы | Глобал Микс 🌐 | Для Индексации Сайта 🔍 | Белое SEO | Живые Люди 🧑‍💻";CHANNEL;NONE;60;No
cmqqar0n900v5d2qzxva4kkag;24401;Active;OK;❤️ Лайки / Нравится;"OK.RU Лайки [HQ | 0-1/Ч | 100/Д | Списания Возможны | Без Гарантии]";POST;NONE;5.04;No
cmqqar0mq00v1d2qz9re5m0w8;24400;Active;OK;❤️ Лайки / Нравится;"OK.RU Лайки [HQ | 0-1/Ч | 50/Д | Списания Возможны | Без Гарантии]";POST;NONE;4.536024096385542;No
cmqqar0ni00v7d2qzg6pppiua;33742;Active;OK;❤️ Лайки / Нравится;"OK.RU Лайки [HQ | 0-6/Ч | 500/Д | Возможны Списания | Без Гарантии]";POST;NONE;8.946746987951808;No
cmqqar0n000v3d2qzsqjbqxq4;31358;Active;OK;❤️ Лайки / Нравится;"OK.RU Лайки [HQ | 0-6/Ч | 500/Д | Возможны Списания | Без Гарантии]";POST;NONE;8.946746987951808;No
cmqqar0nq00v9d2qzmh1n2cc7;33554;Active;OK;❤️ Лайки / Нравится;"OK.ru | Лайки [👤 Живые]";POST;NONE;40;No
cmqqar0o000vbd2qzb1gcfjp6;24374;Active;OK;👁 Просмотры / Охват;"OK.RU Просмотры [Видео | 0-1/Ч | 5К/Д | Списания Возможны | Без Гарантии]";POST;NONE;0.3213253012048193;No
cmqqar0oa00vdd2qz5o9i08vp;33775;Active;OK;👁 Просмотры / Охват;"OK.RU Просмотры [Видео | 0-30/М | 100К/Д | Списания Возможны | Без Гарантии]";POST;NONE;0.63;No
cmqqar0p600vfd2qzw9e6v7zq;35611;Active;OK;👁 Просмотры / Охват;"OK.ru | Просмотры";POST;NONE;0.51;No
cmqqar0pg00vhd2qzdb9gv8uf;24398;Active;OK;👨‍👩‍👧‍👦 Подписчики / Участники;"OK.RU Подписчики [HQ | 0-1/Ч | 50/Д | Списания Возможны | Без Гарантии]";CHANNEL;NONE;2.159518072289157;No
cmqqar0px00vld2qzh1e0hmxo;191;Active;OK;👨‍👩‍👧‍👦 Подписчики / Участники;"OK.RU Подписчики [HQ | Россия | 0-1/Ч | 20-100/Д | Списания Возможны | Без Гарантии]";CHANNEL;NONE;66.08301204819277;No
cmqqar0po00vjd2qzp36igw1m;229;Active;OK;👨‍👩‍👧‍👦 Подписчики / Участники;"OK.RU Подписчики [Группа | 0-1/Ч | 200/Д | Списания Возможны | Гарантия 30Д]";CHANNEL;NONE;32;No
cmqqar0q500vnd2qz1c8nvt7f;33553;Active;OK;👨‍👩‍👧‍👦 Подписчики / Участники;"OK.ru | Подписчики [👤 Живые]";CHANNEL;NONE;60;No
cmqqar0ql00vrd2qz7aaa7igu;31360;Active;OK;📢 Репосты / Поделиться;"OK.RU Репосты [HQ | 0-6/Ч | 500/Д | Возможны Списания | Без Гарантии]";POST;NONE;17.89361445783133;No
cmqqar0r100vvd2qzfsabja5a;33741;Active;OK;📢 Репосты / Поделиться;"OK.RU Репосты [Живые | 0-6/Ч | 500/Д | Возможны Списания | Без Гарантии]";POST;NONE;17.89361445783133;No
cmqqar0r800vxd2qzbz7mmxqh;34514;Active;OK;📢 Репосты / Поделиться;"OK.ru | Репосты [👤 Живые]";POST;NONE;60;No
cmqqar0qt00vtd2qzkn0sphjf;192;Active;OK;📢 Репосты / Поделиться;"Репосты для Одноклассников";POST;NONE;21.59578313253012;No
cmqqar0qd00vpd2qzeyjh9jbv;177;Active;OK;📢 Репосты / Поделиться;"♻ ʏᴛ Репосты в Одноклассники";POST;NONE;0.891566265060241;No
cmqqar0rg00vzd2qz8krf7zqa;38077;Active;OK;🤝 Заявки в друзья;"Социальные Сигналы | Одноклассники (OK) 🟠 | Траст для Яндекса 🛡️ | Живые Люди 🧑‍💻";CHANNEL;NONE;60;No
cmqqar0u900wjd2qzusxc09xf;381;Active;FACEBOOK;❤️ Лайки / Нравится;"381. Facebook* Лайк страницы + Подписка";CHANNEL_POSTS;NONE;5.391686746987951;No
cmqqar0th00wdd2qz7p0ross5;68;Active;FACEBOOK;❤️ Лайки / Нравится;"68. Facebook Лайки на страницу - быстрый старт";POST;NONE;0.6924096385542169;No
cmqqar0sk00w5d2qzhodxfena;363;Active;FACEBOOK;❤️ Лайки / Нравится;"FB Лайки [Пост | Дешевые | 0-1/Ч | 5К/Д | Списания Возможны | Гарантия 30Д]";POST;NONE;0.1619277108433735;No
cmqqar0ro00w1d2qzau8af1p6;40956;Active;FACEBOOK;❤️ Лайки / Нравится;"Facebook | Лайк + Подписка [Пакет] [👤 Живые]";CHANNEL_POSTS;NONE;90;No
cmqqar0rv00w3d2qzmzfefyvg;31995;Active;FACEBOOK;❤️ Лайки / Нравится;"Лайки для Facebook Страницы + Подписчики | Дешевый Сервер 📉";POST;NONE;0.7000000000000001;No
cmqqar0sr00w7d2qz4amlrps8;38006;Active;FACEBOOK;❤️ Лайки / Нравится;"Лайки для Facebook Страницы + Подписчики | Стабильный Сервер 🛡️";POST;NONE;1.9;No
cmqqar0vo00wvd2qzfsckph4a;33470;Active;FACEBOOK;🎭 Реакции / Эмодзи;"FB Реакции [История | 😡 | HQ | Микс | 0-1/Ч | 10K/Д | Списания Возможны | Без Гарантии]";POST;NONE;0.0108433734939759;No
cmqqar0vy00wxd2qzjp95o2xy;24054;Active;FACEBOOK;🎭 Реакции / Эмодзи;"FB Реакции [Пост | ❤️ | 0-1/Ч | 10K/Д | Списания Возможны | Без Гарантии]";POST;NONE;0.1104819277108434;No
cmqqar0v200wpd2qzez5nfb38;40986;Active;FACEBOOK;🎭 Реакции / Эмодзи;"Facebook | Реакции на истории [Микс: 👍❤️😝🤗😲😡]";POST;NONE;0.1;No
cmqqar0vh00wtd2qzvb464pe6;40978;Active;FACEBOOK;🎭 Реакции / Эмодзи;"Facebook | Реакции на пост [Рандом Микс 🎭]  [🇺🇸 США]";POST;NONE;13.1;No
cmqqar0va00wrd2qzb9mnvmus;31740;Active;FACEBOOK;🎭 Реакции / Эмодзи;"Facebook | Реакции на пост [Супер ❤️]";POST;NONE;1.2;No
cmqqar0x400x7d2qznjui990w;1368;Active;FACEBOOK;🎭 Реакции / Эмодзи;"Facebook Реакция на пост I 👍";POST;NONE;47.5989156626506;No
cmqqar11h00y7d2qzintm8nda;60;Active;FACEBOOK;👁 Просмотры / Охват;"60. Facebook* Просмотры Live Stream";POST;NONE;5.666506024096385;No
cmqqar0yv00xnd2qzz0pfhasv;29121;Active;FACEBOOK;👁 Просмотры / Охват;"FB Время Просмотра [Видео | 15 секунд | 0-6/Ч | 200-2К/Д | Списания Возможны | Без Гарантии | Дешевые]";POST;NONE;0.09108433734939758;No
cmqqar0yn00xld2qzwq1gb8li;33204;Active;FACEBOOK;👁 Просмотры / Охват;"Facebook | Просмотры видео [Все типы]";POST;NONE;0.28;No
cmqqar0y800xhd2qz1qdsq2g8;37922;Active;FACEBOOK;👁 Просмотры / Охват;"Facebook | Просмотры поста [👤 Живые люди]";POST;NONE;20;No
cmqqar13q00yrd2qz0xw6k737;479;Active;FACEBOOK;👨‍👩‍👧‍👦 Подписчики / Участники;"FB Подписчики [Профиль | Живые | 0-1/Ч | 5К/Д | Списания Возможны | Гарантия 30Д]";CHANNEL;NONE;0.4855421686746987;No
cmqqar14400ytd2qzfrqf7uvz;17698;Active;FACEBOOK;👨‍👩‍👧‍👦 Подписчики / Участники;"FB Участники [Группа | 0-2/Ч | 5К/Д | Списания Возможны | Гарантия 90Д]";CHANNEL;NONE;0.6120481927710844;No
cmqqar12x00yld2qzmjs7qch9;32308;Active;FACEBOOK;👨‍👩‍👧‍👦 Подписчики / Участники;"Facebook | Followers [🇪🇺 Европа]";CHANNEL;NONE;24.95;No
cmqqar15400z1d2qz5f9x8h6l;40941;Active;FACEBOOK;👨‍👩‍👧‍👦 Подписчики / Участники;"Facebook | Подписчики";CHANNEL;NONE;0.29;No
cmqqar12q00yjd2qznjf14r8v;32025;Active;FACEBOOK;👨‍👩‍👧‍👦 Подписчики / Участники;"Facebook | Участники группы";CHANNEL;NONE;3.78;No
cmqqar14d00yvd2qzk984pjg4;1360;Active;FACEBOOK;👨‍👩‍👧‍👦 Подписчики / Участники;"Facebook Подписчики [Для страницы/профиля] [Гарантия 30 Дней ♻️][До 2к/сутки]";CHANNEL;NONE;17.41421686746988;No
cmqqar18g00ztd2qz4z8b4rpg;17704;Active;FACEBOOK;📢 Репосты / Поделиться;"FB Поделиться  [Пост | 0-24/Ч | 1-5К/Д | Списания Возможны | Нет Гарантии]";POST;NONE;1.568795180722892;No
cmqqar17600zjd2qzyag0tlv4;28400;Active;FACEBOOK;📢 Репосты / Поделиться;"Facebook | Репосты (Share)";POST;NONE;24.95;No
cmqqar17g00zld2qzgwtu0yvg;37902;Active;FACEBOOK;📢 Репосты / Поделиться;"Facebook | Репосты (Share) [👤 Живые]";POST;NONE;80;No
cmqqar19900zzd2qzcs0b6xoc;1374;Active;FACEBOOK;📢 Репосты / Поделиться;"Facebook Пост Фото Репост | Высокое качество";POST;NONE;91.95867469879518;No
cmqqar19q0103d2qzk5jbvta9;38167;Active;FACEBOOK;📢 Репосты / Поделиться;"Twitter (X) | Репосты в Facebook [Социальные сигналы] [👤 Живые]";POST;NONE;500;No
cmqqar18500zrd2qzj1sdh98i;175;Active;FACEBOOK;📢 Репосты / Поделиться;"♻ ʏᴛ Репосты в Facebook";POST;NONE;1.566265060240964;No
cmqqar1a60107d2qzqw6zdtv4;40964;Active;FACEBOOK;🔄 Автолайки;"Facebook | Лайк + Репост + Комментарий + Подписка [Пакет] [👤 Живые]";CHANNEL_POSTS;NONE;300;No
cmqqar19z0105d2qzwfwhb572;40960;Active;FACEBOOK;🔄 Автолайки;"Facebook | Лайк + Репост + Подписка [Пакет] [👤 Живые]";CHANNEL_POSTS;NONE;100;No
cmqqar11200y3d2qz3ks1w1sw;380;Active;FACEBOOK;🔴 Стримы;"FB Зрители на стрим [120 минут]";POST;NONE;8.746506024096385;No
cmqqar10u00y1d2qzqg4nob3k;282;Active;FACEBOOK;🔴 Стримы;"FB Зрители на стрим [30 минут]";POST;NONE;2.197469879518072;No
cmqqar1e20113d2qzgec8jx74;31808;Active;FACEBOOK;🔴 Стримы;"Facebook | Зрители на стрим [1 час]";POST;NONE;2.71;No
cmqqar1d0010vd2qz7rz1j5we;40942;Active;FACEBOOK;🔴 Стримы;"Facebook | Зрители на стрим [15 минут]";POST;NONE;0.81;No
cmqqar1d9010xd2qz11y5lmba;31809;Active;FACEBOOK;🔴 Стримы;"Facebook | Зрители на стрим [2 часа]";POST;NONE;6.44;No
cmqqar1dj010zd2qzt9srgk1q;40943;Active;FACEBOOK;🔴 Стримы;"Facebook | Зрители на стрим [30 минут]";POST;NONE;1.61;No
cmqqar1eb0115d2qztqrmue9d;40949;Active;FACEBOOK;🔴 Стримы;"Facebook | Зрители на стрим [4.5 часа]";POST;NONE;17.38;No
cmqqar1ds0111d2qzeex8i4ji;40944;Active;FACEBOOK;🔴 Стримы;"Facebook | Зрители на стрим [45 минут]";POST;NONE;2.42;No
cmqqar1gr011pd2qzjvn7x91i;28812;Active;FACEBOOK;🤝 Заявки в друзья;"Социальные Сигналы | Facebook 🔵 | Для Авторитета и Индексации 🏛️ | Живые Люди 🧑‍💻";CHANNEL_POSTS;NONE;60;No
cmqqar1gz011rd2qz6ork7o65;38072;Active;FACEBOOK;🤝 Заявки в друзья;"Социальные Сигналы | Facebook 🔵 | Посты на стену | Grey/Arbitrage Friendly 🛡️ | Живые Люди 🧑‍💻";CHANNEL;NONE;100;No
cmqqar0t000w9d2qzsbxadu6l;1084;Active;RUTUBE;❤️ Лайки / Нравится;"1084. Рутуб лайки";POST;NONE;2.168674698795181;No
cmqqar0t800wbd2qz8uysxlhc;35039;Active;RUTUBE;❤️ Лайки / Нравится;"Rutube (Рутуб) | Лайки";POST;NONE;3.19;No
cmqqar0ui00wld2qzoiqne3mb;2790;Active;RUTUBE;❤️ Лайки / Нравится;"Rutube Лайки [Быстрый старт] [Россия🇷🇺]";POST;NONE;83.2;No
cmqqar0tp00wfd2qztiboeede;29355;Active;RUTUBE;❤️ Лайки / Нравится;"Rutube Лайки [Видео | 0-3/Ч | 1К/Д | Списания Возможны | Без Гарантии]";POST;NONE;2.29;No
cmqqar0ty00whd2qz2e04rwtn;29357;Active;RUTUBE;❤️ Лайки / Нравится;"Rutube Лайки [Шортс | 0-3/Ч | 1К/Д | Списания Возможны | Без Гарантии]";POST;NONE;2.29;No
cmqqar0uu00wnd2qzji1r5zf0;1876;Active;RUTUBE;❤️ Лайки / Нравится;"Rutube Лайки на Видео [Быстрый старт] [Гарантия 30♻️]";POST;NONE;187.05;No
cmqqar0we00x1d2qzy99hy7jn;2781;Active;RUTUBE;🎭 Реакции / Эмодзи;"Rutube В ТОП 🚀";POST;NONE;142.1739759036145;No
cmqqar0xk00xbd2qz4h6vru0x;2788;Active;RUTUBE;🎭 Реакции / Эмодзи;"Rutube В Топ 🚀 [Россия][Быстрые]🇷🇺";POST;NONE;83.2;No
cmqqar0xs00xdd2qzol88dv8s;2780;Active;RUTUBE;🎭 Реакции / Эмодзи;"Rutube Реакции случайные [⭐️🔥😍👽😭😂]";POST;NONE;142.1739759036145;No
cmqqar0zz00xtd2qzttgsxilw;573;Active;RUTUBE;👁 Просмотры / Охват;"573. Рутуб просмотры";POST;NONE;0.4216867469879518;No
cmqqar10700xvd2qzzqbbmm75;39297;Active;RUTUBE;👁 Просмотры / Охват;"Rutube (Рутуб) | Просмотры [Удержание 15 сек]";POST;NONE;0.08;No
cmqqar10m00xzd2qzfawe4e4l;39306;Active;RUTUBE;👁 Просмотры / Охват;"Rutube (Рутуб) | Просмотры [Удержание 3 мин]";POST;NONE;0.61;No
cmqqar11o00y9d2qze1k75cq1;2468;Active;RUTUBE;👁 Просмотры / Охват;"Rutube Просмотры [Личная услуга][Реальные][Моментальные]";POST;NONE;4.95;No
cmqqar0z300xpd2qzzq479cmn;33743;Active;RUTUBE;👁 Просмотры / Охват;"Просмотры Rutube [Дешевые | Удержание 15+ сек | 0-1/Ч | 20К/Д | Списания Возможны | Гарантия 30Д]";POST;NONE;0.06626506024096386;No
cmqqar10f00xxd2qzzn44smms;17909;Active;RUTUBE;👁 Просмотры / Охват;"Просмотры Rutube [Реальные | 0-12/Ч | 500-1К/Д | Списания Возможны | Гарантия 30Д]";POST;NONE;0.5249397590361445;No
cmqqar12b00yfd2qz97i4mv3t;35041;Active;RUTUBE;👎 Дизлайки;"Rutube (Рутуб) | Дизлайки";POST;NONE;3.19;No
cmqqar12i00yhd2qz0tvz7jkv;29356;Active;RUTUBE;👎 Дизлайки;"Rutube Дизлайки [Видео | 0-3/Ч | 1К/Д | Списания Возможны | Без Гарантии]";POST;NONE;2.29;No
cmqqar14m00yxd2qzpz3g0os4;604;Active;RUTUBE;👨‍👩‍👧‍👦 Подписчики / Участники;"604. Рутуб Подписчики + Гарантия";CHANNEL;NONE;1.995180722891566;No
cmqqar14u00yzd2qzkbtk3s53;39389;Active;RUTUBE;👨‍👩‍👧‍👦 Подписчики / Участники;"Rutube | Подписчики";CHANNEL;NONE;3.31;No
cmqqar16100z9d2qzxkswlmnh;33522;Active;RUTUBE;👨‍👩‍👧‍👦 Подписчики / Участники;"Rutube | Подписчики [👤 Живые]";CHANNEL;NONE;50;No
cmqqar16i00zdd2qz4z0y26nl;1875;Active;RUTUBE;👨‍👩‍👧‍👦 Подписчики / Участники;"Rutube Подписчики [Быстрый старт] [Гарантия 30♻️]";CHANNEL;NONE;193.5;No
cmqqar16p00zfd2qzrh66hi6y;2789;Active;RUTUBE;👨‍👩‍👧‍👦 Подписчики / Участники;"Rutube Подписчики [Быстрый старт] [Россия🇷🇺]";CHANNEL;NONE;83.2;No
cmqqar15c00z3d2qzmdyqt6vl;731;Active;RUTUBE;👨‍👩‍👧‍👦 Подписчики / Участники;"Подписчики Rutube [0-10/М | 500-1К/Д | Списания Возможны | Гарантия 30Д]";CHANNEL;NONE;2.155301204819277;No
cmqqar16x00zhd2qzehasum68;34497;Active;RUTUBE;💬 Комментарии / Отзывы;"Rutube (Рутуб) | Комментарии [Рандомные] [👤 Живые] [Короткие]";POST;NONE;200;No
cmqqar19i0101d2qzx4mcke37;34958;Active;RUTUBE;📢 Репосты / Поделиться;"Rutube (Рутуб) | Репосты [Микс / Любая] [👤 Живые]";POST;NONE;149.59;No
cmqqar1ba010hd2qz6q2rh9xj;39103;Active;RUTUBE;🔄 Автопросмотры;"Rutube (Рутуб) | Просмотры [👤 Живые] [Удержание 1 час] [Без авторизации]";CHANNEL_POSTS;NONE;24.73;No
cmqqar1ae0109d2qzewps0tm7;33523;Active;RUTUBE;🔄 Автопросмотры;"Rutube (Рутуб) | Просмотры [👤 Живые] [Удержание 15 сек] [Без авторизации]";CHANNEL_POSTS;NONE;0.32;No
cmqqar1am010bd2qz4y4d2gz6;33839;Active;RUTUBE;🔄 Автопросмотры;"Rutube (Рутуб) | Просмотры [👤 Живые] [Удержание 30 сек] [Без авторизации]";CHANNEL_POSTS;NONE;0.7799999999999999;No
cmqqar1b3010fd2qzk69at7ji;39091;Active;RUTUBE;🔄 Автопросмотры;"Rutube (Рутуб) | Просмотры [👤 Живые] [Удержание 4 мин] [Без авторизации]";CHANNEL_POSTS;NONE;3.3;No
cmqqar1au010dd2qzb73n3cmj;33840;Active;RUTUBE;🔄 Автопросмотры;"Rutube (Рутуб) | Просмотры [👤 Живые] [Удержание 40 сек] [Без авторизации]";CHANNEL_POSTS;NONE;0.94;No
cmqqar1cs010td2qzbyi4op3i;1872;Active;RUTUBE;🔄 Автопросмотры;"Rutube Авто - Просмотры на 5 видео [Реальные]";CHANNEL_POSTS;NONE;262.5;No
cmqqar1fv011hd2qz9mbjjann;596;Active;RUTUBE;🤝 Заявки в друзья;"596. Рутуб в ТОП";CHANNEL;NONE;2.168674698795181;No
cmqqar1fl011fd2qzpxn1kgmg;34948;Active;RUTUBE;🤝 Заявки в друзья;"Rutube (Рутуб) | В Топ (Клики / Ракета)";CHANNEL;NONE;0.95;No
cmqqar1g3011jd2qzudh24bfj;34957;Active;RUTUBE;🤝 Заявки в друзья;"Rutube | Эмоции [Рандомные]";CHANNEL;NONE;4.78;No
cmqqar1gb011ld2qzkmq75xsv;943;Active;RUTUBE;🤝 Заявки в друзья;"Нажатия &quot,В топ&quot, на видео Rutube [0-12/Ч | 1К/Д | Списания Возможны | Без Гарантии]";CHANNEL;NONE;2.29;No
cmqqar1gj011nd2qzclm7ygwn;17062;Active;RUTUBE;🤝 Заявки в друзья;"Случайные эмоции Rutube [0-8/Ч | 100-5К/Д | Списания Возможны | Гарантия 30Д]";CHANNEL;NONE;3.084457831325301;No
cmqqar0w600wzd2qzmk0g3wfs;1104;Active;MAX;🎭 Реакции / Эмодзи;"1104. Макс/MAX Реакции на пост";POST;NONE;24.08433734939759;No
cmqqar0y100xfd2qzztvnutz3;37673;Active;MAX;🎭 Реакции / Эмодзи;"MAX (max.ru) — Реакции на пост 👍❤️🔥 / 💯 Реальные пользователи (Смешанные)";POST;NONE;60;No
cmqqar0wl00x3d2qz2oazzx03;34009;Active;MAX;🎭 Реакции / Эмодзи;"MAX Реакции [HQ | 👍 | 0-1/Ч | 500/Д | Списания Возможны | Без Гарантии]";POST;NONE;7.057228915662651;No
cmqqar0ww00x5d2qze34iaajh;33469;Active;MAX;🎭 Реакции / Эмодзи;"MAX Реакции [Живые | Позитивные | 0-24/Ч | 100/Д | Списания Возможны | Без Гарантии]";POST;NONE;14.14012048192771;No
cmqqar0xc00x9d2qzq9e25y0r;3082;Active;MAX;🎭 Реакции / Эмодзи;"Max Позитивные реакции [👍❤️🔥😍]";POST;NONE;592;No
cmqqar0yf00xjd2qzfx1a4slu;1149;Active;MAX;👁 Просмотры / Охват;"1149. Макс/MAX Просмотры на пост";POST;NONE;5.421686746987952;No
cmqqar0zq00xrd2qzf0vpnpmn;41092;Active;MAX;👁 Просмотры / Охват;"MAX | Просмотры";POST;NONE;7.5;No
cmqqar11900y5d2qz1lef37kq;33842;Active;MAX;👁 Просмотры / Охват;"MAX Просмотры [1 Пост | 0-1/Ч | 10К/Д | Списания Возможны | Без Гарантии]";POST;NONE;3.072289156626506;No
cmqqar11w00ybd2qzoizuiqng;34435;Active;MAX;👁 Просмотры / Охват;"MAX Просмотры [10 последних постов | 0-1/Ч | 10К/Д | Списания Возможны | Без Гарантии]";CHANNEL_POSTS;NONE;30.83819277108434;No
cmqqar12300ydd2qz7lvkvldp;3097;Active;MAX;👁 Просмотры / Охват;"Max Просмотры [На 1 пост] [Лучшая цена]";POST;NONE;240;No
cmqqar13500ynd2qz2u3nrkfb;1213;Active;MAX;👨‍👩‍👧‍👦 Подписчики / Участники;"1213. Макс/MAX подписчики в канал #1 - гарантия 30 дней";CHANNEL;NONE;19.1566265060241;No
cmqqar13f00ypd2qzb68dg8pc;1214;Active;MAX;👨‍👩‍👧‍👦 Подписчики / Участники;"1214. Макс/MAX подписчики в канал #1 - гарантия 60 дней";CHANNEL;NONE;34.33734939759036;No
cmqqar16900zbd2qz8f14zv18;41094;Active;MAX;👨‍👩‍👧‍👦 Подписчики / Участники;"MAX | Подписчики";CHANNEL;NONE;40;No
cmqqar15l00z5d2qze8e8vges;34288;Active;MAX;👨‍👩‍👧‍👦 Подписчики / Участники;"MAX Подписчики [HQ | 0-1/Ч | 200/Д | Списания Возможны | Гарантия 30Д] ";CHANNEL;NONE;7.699879518072289;No
cmqqar15t00z7d2qzdg75jkc0;33856;Active;MAX;👨‍👩‍👧‍👦 Подписчики / Участники;"MAX Подписчики [HQ | 0-1/Ч | 200/Д | Списания Возможны | Гарантия 90Д] ";CHANNEL;NONE;32.12361445783133;No
cmqqar17o00znd2qz652gf9uk;1185;Active;MAX;📢 Репосты / Поделиться;"1185. Макс/MAX Репосты";POST;NONE;19.26506024096386;No
cmqqar17w00zpd2qzlgo237wu;41093;Active;MAX;📢 Репосты / Поделиться;"MAX | Репосты";POST;NONE;25;No
cmqqar19100zxd2qzqri1oxoi;2994;Active;MAX;📢 Репосты / Поделиться;"MAX Репосты";POST;NONE;720;No
cmqqar18q00zvd2qzyvokdior;33833;Active;MAX;📢 Репосты / Поделиться;"MAX Репосты [Живые | Пост | 0-24/Ч | 100/Д | Списания Возможны | Без Гарантии]";POST;NONE;8.34265060240964;No
cmqqar1bs010ld2qzvavhndth;1233;Active;MAX;🔄 Автопросмотры;"1233. Макс/MAX Автопросмотры [5 постов]";CHANNEL_POSTS;NONE;28.6144578313253;No
cmqqar1cb010pd2qzyerxd53d;1235;Active;MAX;🔄 Автопросмотры;"1235. Макс/MAX Автопросмотры [20 постов]";CHANNEL_POSTS;NONE;114.4578313253012;No
cmqqar1cj010rd2qzz3u6aum2;34427;Active;MAX;🔄 Автопросмотры;"MAX Просмотры [100 будущих постов | 0-1/Ч | 10К/Д | Списания Возможны | Без Гарантии]";CHANNEL_POSTS;NONE;308.4978313253012;No
cmqqar1c0010nd2qzkzimil9e;34425;Active;MAX;🔄 Автопросмотры;"MAX Просмотры [20 будущих постов | 0-1/Ч | 10К/Д | Списания Возможны | Без Гарантии]";CHANNEL_POSTS;NONE;61.68927710843374;No
cmqqar1bi010jd2qzzi0p3vfs;34423;Active;MAX;🔄 Автопросмотры;"MAX Просмотры [5 будущих постов | 0-1/Ч | 10К/Д | Списания Возможны | Без Гарантии]";CHANNEL_POSTS;NONE;15.41265060240964;No
cmqqar1eq0117d2qzhjs2khhh;131;Active;MAX;🔴 Стримы;"Зрители Booyah.live (API, без авторизации)";CHANNEL_POSTS;NONE;12.85457831325301;No
cmqqar1ey0119d2qzieca86h6;1215;Active;MAX;🤖 Роботы / Боты;"1215. Макс/MAX Запуск бота";POST;NONE;84.33734939759036;No
cmqqar1fd011dd2qzwvqg8is9;41097;Active;MAX;🤖 Роботы / Боты;"MAX | Старты ботов";POST;NONE;30;No
cmqqar1f6011bd2qzmbghwnz5;33855;Active;MAX;🤖 Роботы / Боты;"MAX Бот Старт [Живые | 0-24/Ч | 100/Д | Списания Возможны | Без Гарантии]";POST;NONE;35.98;No
cmqqar1he011vd2qzyp5d7yji;1812;Active;DISCORD;🎭 Реакции / Эмодзи;"Discord Реакции [Моментальный старт⚡]";POST;NONE;515.6420481927711;No
cmqqar1h7011td2qzr0y8i4vy;24407;Active;DISCORD;🎭 Реакции / Эмодзи;"Дискорд Реакции [Сообщение | HQ | 0-1/Ч | 5К/Д | Списания Возможны | Без Гарантии]";POST;NONE;6.75;No
cmqqar1hw011zd2qzv27ahsi8;25479;Active;DISCORD;👨‍👩‍👧‍👦 Подписчики / Участники;"Discord | Участники на сервер";CHANNEL;NONE;31.84;No
cmqqar1i40121d2qzjxelg0u5;1811;Active;DISCORD;👨‍👩‍👧‍👦 Подписчики / Участники;"Discord Офлайн Участники [Моментальный старт⚡]";CHANNEL;NONE;360.9493975903615;No
cmqqar1id0123d2qzhia6j7qz;29436;Active;DISCORD;👨‍👩‍👧‍👦 Подписчики / Участники;"Дискорд Участники [Голосовой Канал | 30 Дней | HQ | 0-1/Ч | 500/Д | Списания Возможны | Без Гарантии]";CHANNEL;NONE;877.5;No
cmqqar1ho011xd2qzz8i0rlde;24422;Active;DISCORD;👨‍👩‍👧‍👦 Подписчики / Участники;"Дискорд Участники [Онлайн 30Д | HQ | 0-1/Ч | 100/Д | Списания Возможны | Без Гарантии | База аккаунтов #1]";CHANNEL;NONE;5.399999999999999;No
cmqqar1il0125d2qz7ohjedw2;33443;Active;DISCORD;💬 Комментарии / Отзывы;"Дискорд Массовая Рассылка [0-24/Ч | 1000/Д | Списания Возможны | Без Гарантии]";POST;NONE;58.48843373493976;No
cmqqar1j00127d2qzx5mkisyi;1810;Active;DISCORD;🔴 Стримы;"Discord Онлайн Участники [Моментальный старт⚡]";POST;NONE;412.5136144578313;No
cmqqar1ja0129d2qzhjemvebj;400;Active;DZEN;❤️ Лайки / Нравится;"400. Лайки Дзен";POST;NONE;9.066385542168675;No
cmqqar1jp012bd2qz9b90jip6;25960;Active;DZEN;❤️ Лайки / Нравится;"Dzen.ru | Лайки [👤 Живые]";POST;NONE;40;No
cmqqar1kd012hd2qzj90hw8bu;33826;Active;DZEN;👁 Просмотры / Охват;"Dzen.ru | Дочитывания статей [20 сек] [👤 Живые]";POST;NONE;3.05;No
cmqqar1jx012dd2qz5gbvqd5i;253;Active;DZEN;👁 Просмотры / Охват;"Лайки Дзен [Видео/Статьи | 0-1/Ч | 3К/Д | Списания Возможны | Гарантия 90Д]";POST;NONE;3.933493975903615;No
cmqqar1k5012fd2qzv79rnyn1;29418;Active;DZEN;👁 Просмотры / Охват;"Лайки Дзен [Статья | 0-6/Ч | 100/Д | Списания Возможны | Без Гарантии]";POST;NONE;4.785060240963856;No
cmqqar1lf012pd2qzqa58h3e2;337;Active;DZEN;👨‍👩‍👧‍👦 Подписчики / Участники;"337. Подписчики Дзен";CHANNEL;NONE;9.066385542168675;No
cmqqar1m6012vd2qzhnhuf1ik;34368;Active;DZEN;👨‍👩‍👧‍👦 Подписчики / Участники;"Dzen.ru | Подписчики";CHANNEL;NONE;14.2;No
cmqqar1kw012ld2qzg3rslsaz;254;Active;DZEN;👨‍👩‍👧‍👦 Подписчики / Участники;"Подписчики Дзен [0-12/Ч | 3K/Д | Списания Возможны | Без Гарантии]";CHANNEL;NONE;5.354939759036144;No
cmqqar1o40139d2qzds7er11s;39978;Active;DZEN;📢 Репосты / Поделиться;"Dzen.ru | Репосты (Внешние) [👤 Живые]";POST;NONE;250;No
cmqqar1l7012nd2qzrit6drkq;41143;Active;SPOTIFY;👨‍👩‍👧‍👦 Подписчики / Участники;"Spotify | Подписчики [Дешевые Авто]";CHANNEL_POSTS;NONE;2.76;No
cmqqar1ly012td2qzgy93ug9o;2371;Active;SPOTIFY;👨‍👩‍👧‍👦 Подписчики / Участники;"Spotify Подписчики [Микс] [Артисты/Плейлист/Пользователь] [30 Дней Гарантии]";CHANNEL;NONE;18.69578313253012;No
cmqqar1lq012rd2qzmz5m0xps;2370;Active;SPOTIFY;👨‍👩‍👧‍👦 Подписчики / Участники;"Spotify Подписчики [Микс] [Артисты/Плейлист/Пользователь] [Без Гарантии]";CHANNEL;NONE;16.35879518072289;No
cmqqar1kp012jd2qz82hjgr4l;354;Active;SPOTIFY;👨‍👩‍👧‍👦 Подписчики / Участники;"Spotify Подписчики на профиль (HQ)";CHANNEL;NONE;0.6987951807228916;No
cmqqar1mm012zd2qza4czjje3;27857;Active;SPOTIFY;💎 Premium Подписчики;"Spotify Пакет &quot,Премиум&quot, [30К Прослушиваний + 3К Сохранений + 3К Подписчиков | 0-24/Ч | 15К/Д | Списания Возможны | Гарантия 90Д]";CHANNEL;NONE;22.61;No
cmqqar1md012xd2qz7u3cj2cd;32275;Active;SPOTIFY;💎 Premium Подписчики;"Spotify Премиум Сохранения [Трек/Альбом | HQ | 0-15/М | 10К/Д | Списания Возможны | Гарантия 90Д]";CHANNEL;NONE;0.5979518072289157;No
cmqqar1mu0131d2qzlxcmv8e5;28197;Active;SPOTIFY;📌 Сохранения / Saves;"Spotify | Сохранения";POST;NONE;1.23;No
cmqqar1na0135d2qz7g1q584g;41144;Active;SPOTIFY;📌 Сохранения / Saves;"Spotify | Сохранения [👤 Живые]";POST;NONE;100;No
cmqqar1n20133d2qz1jqf3lpk;2366;Active;SPOTIFY;📌 Сохранения / Saves;"Spotify Сохранения [Трек/Альбом] [Гарантия 30 дней]";POST;NONE;25.70674698795181;No
cmqqar1nj0137d2qzsvygo6ws;41145;Active;SPOTIFY;📢 Репосты / Поделиться;"Spotify | Репосты (Внешние) [👤 Живые]";POST;NONE;250;No
cmqqar1ou013fd2qzkm312k2k;987;Active;LIKEE;❤️ Лайки / Нравится;"987. Likee Просмотры";POST;NONE;9.916265060240963;No
cmqqar1oe013bd2qzzejttwif;2487;Active;LIKEE;❤️ Лайки / Нравится;"Likee Лайки [Высокое качество]";POST;NONE;137.2030120481928;No
cmqqar1om013dd2qz64agbtx1;33432;Active;LIKEE;❤️ Лайки / Нравится;"Likee Просмотры [Живые | 0-6/Ч | 1К/Д | Списания Возможны | Без Гарантии]";POST;NONE;7.166144578313252;No
cmqqar1q0013pd2qzj2rkz3qx;1859;Active;YANDEX;❤️ Лайки / Нравится;"Yandex Zen Лайки";POST;NONE;390;No
cmqqar1ps013nd2qzb9156v19;34241;Active;YANDEX;❤️ Лайки / Нравится;"Яндекс Музыка Лайки [Альбом | 0-24/Ч | 50-150/Д | Списания Возможны |  Без Гарантии]";POST;NONE;36.28084337349397;No
cmqqar1p1013hd2qz6ync044f;36371;Active;YANDEX;❤️ Лайки / Нравится;"Яндекс Ритм — Живые лайки";POST;NONE;100;No
cmqqar1r7013zd2qzcfkq3zk3;1861;Active;YANDEX;👁 Просмотры / Охват;"Yandex Zen Дочитывания";POST;NONE;54;No
cmqqar1s80147d2qz7jhgzyt7;1865;Active;YANDEX;👁 Просмотры / Охват;"Yandex Zen Просмотры Видео [120 сек.]";POST;NONE;191.7;No
cmqqar1rz0145d2qzwovg8qap;1863;Active;YANDEX;👁 Просмотры / Охват;"Yandex Zen Просмотры Видео [60 сек.]";POST;NONE;145.8;No
cmqqar1u1014nd2qzcdmskcqg;1858;Active;YANDEX;👨‍👩‍👧‍👦 Подписчики / Участники;"Yandex Zen Подписчики";CHANNEL;NONE;453.7;No
cmqqar1t7014fd2qz9jkcr6h6;36373;Active;YANDEX;👨‍👩‍👧‍👦 Подписчики / Участники;"Яндекс Ритм — Живые подписчики";CHANNEL;NONE;150;No
cmqqar1v4014vd2qz58efqspp;36372;Active;YANDEX;📢 Репосты / Поделиться;"Яндекс Ритм — Живые репосты";POST;NONE;100;No
cmqqar1wa0155d2qzq1q3eh5c;38076;Active;YANDEX;🤝 Заявки в друзья;"Социальные Сигналы | Россия Микс (ВК + ОК) 🇷🇺 | Для Индексации в Яндекс 🔍 | Живые Люди 🧑‍💻";CHANNEL;NONE;60;No
cmqqar1wp0157d2qzds2th5n2;34294;Active;YANDEX;🤝 Заявки в друзья;"Яндекс Музыка Пресейв  [Трек | 0-24/Ч | 100-200/Д | Списания Возможны |  Без Гарантии]";CHANNEL;NONE;129.5744578313253;No
cmqqar1w30153d2qzprbzbdcy;36370;Active;YANDEX;🤝 Заявки в друзья;"Яндекс Ритм — Живые избранное";CHANNEL;NONE;150;No
cmqqar1q8013rd2qzkp86r6me;2692;Active;STEAM;❤️ Лайки / Нравится;"Steam Лайки";POST;NONE;1168.486987951807;No
cmqqar1pj013ld2qzjtjq3vab;33409;Active;STEAM;❤️ Лайки / Нравится;"Steam Лайки [Workshop | HQ | 0-15/М | 500/Д | Списания Возможны | Без Гарантии]";POST;NONE;21.85277108433735;No
cmqqar1pa013jd2qzv0m34v2q;312;Active;STEAM;❤️ Лайки / Нравится;"Steam лайки";POST;NONE;14.68674698795181;No
cmqqar1sh0149d2qzlxnx5hf7;2694;Active;STEAM;👁 Просмотры / Охват;"Steam Просмотры";POST;NONE;1168.486987951807;No
cmqqar1rq0143d2qzt8niyxdq;33410;Active;STEAM;👁 Просмотры / Охват;"Steam Просмотры [HQ | 0-15/М | 100/Д | Списания Возможны | Без Гарантии]";POST;NONE;21.1933734939759;No
cmqqar1rf0141d2qz25rd0gn6;322;Active;STEAM;👁 Просмотры / Охват;"Steam просмотры";POST;NONE;14.68674698795181;No
cmqqar1sq014bd2qzchzdcbjq;34461;Active;STEAM;👎 Дизлайки;"Steam Дизлайки [Workshop | HQ | 0-15/М | 500/Д | Списания Возможны | Без Гарантии]";POST;NONE;21.85277108433735;No
cmqqar1tm014jd2qz9cj5wish;34462;Active;STEAM;👨‍👩‍👧‍👦 Подписчики / Участники;"Steam Участники [Группа | HQ | 0-15/М | 500/Д | Списания Возможны | Без Гарантии]";CHANNEL;NONE;21.85277108433735;No
cmqqar1xc015bd2qzk8d9gbxu;315;Active;STEAM;🤝 Заявки в друзья;"Steam Избранное";CHANNEL;NONE;14.68674698795181;No
cmqqar1x20159d2qzyyqjalh4;33411;Active;STEAM;🤝 Заявки в друзья;"Steam Избранное [HQ | 0-15/М | 100/Д | Списания Возможны | Без Гарантии]";CHANNEL;NONE;21.1933734939759;No
cmqqar1xj015dd2qzwmmdcmyk;34014;Active;STEAM;🤝 Заявки в друзья;"Пополнение баланса Steam [Все способы оплаты | 1 = 1$ | Комиссия 7+%]";CHANNEL;NONE;1079.892048192771;No
cmqqar1qx013xd2qzl88mc5xt;41084;Active;WHATSAPP;🎭 Реакции / Эмодзи;"WhatsApp | Реакции [👍❤️😂😲😥🙏]";POST;NONE;10;No
cmqqar1qg013td2qz3fb2jg6j;32220;Active;WHATSAPP;🎭 Реакции / Эмодзи;"Whatsapp Реакции [ 👍 | Канал | Пост | 0-1/Ч | 2К/Д | Списания Возможны | Без Гарантии]";POST;NONE;1.244216867469879;No
cmqqar1qo013vd2qzslywdnmn;32230;Active;WHATSAPP;🎭 Реакции / Эмодзи;"Whatsapp Реакции [ 👍 ❤️ 😂 😮 😢 🙏 | Канал | Пост | 0-1/Ч | 2К/Д | Списания Возможны | Без Гарантии]";POST;NONE;1.322168674698795;No
cmqqar1tu014ld2qze0qmavtu;33541;Active;WHATSAPP;👨‍👩‍👧‍👦 Подписчики / Участники;"WhatsApp | Участники [👤 Живые]";CHANNEL;NONE;60;No
cmqqar1te014hd2qz1oz1dnbr;29198;Active;WHATSAPP;👨‍👩‍👧‍👦 Подписчики / Участники;"Whatsapp Участники [Канал | Бразилия | 0-1/Ч | 2К/Д | Списания Возможны | Без Гарантии]";CHANNEL;NONE;7.874939759036145;No
cmqqar1sy014dd2qz9qgigx7m;29189;Active;WHATSAPP;👨‍👩‍👧‍👦 Подписчики / Участники;"Whatsapp Участники [Канал | Индия | 0-1/Ч | 2К/Д | Списания Возможны | Без Гарантии]";CHANNEL;NONE;4.242048192771084;No
cmqqar1uh014pd2qz9i35xxc8;33857;Active;WHATSAPP;📊 Голоса / Опросы;"WhatsApp Опросы [Вариант 1 | Канал | 0-1/Ч | 5К/Д | Списания Возможны | Без Гарантии]";POST;NUMBER;7.002409638554218;No
cmqqar1uo014rd2qzvenjx88c;33858;Active;WHATSAPP;📊 Голоса / Опросы;"WhatsApp Опросы [Вариант 2 | Канал | 0-1/Ч | 5К/Д | Списания Возможны | Без Гарантии]";POST;NUMBER;7.002409638554218;No
cmqqar1uw014td2qzflb89ewe;33859;Active;WHATSAPP;📊 Голоса / Опросы;"WhatsApp Опросы [Вариант 3 | Канал | 0-1/Ч | 5К/Д | Списания Возможны | Без Гарантии]";POST;NUMBER;7.002409638554218;No
cmqqar1vc014xd2qzj2oco3je;33889;Active;WHATSAPP;🔄 Автореакции;"Whatsapp Авто Реакции [ 👍 | Канал | 10 будущих постов | 0-1/Ч | 2К/Д | Списания Возможны | Без Гарантии]";CHANNEL_POSTS;NONE;5.882168674698796;No
cmqqar1vu0151d2qzps7teosm;33892;Active;WHATSAPP;🔄 Автореакции;"Whatsapp Авто Реакции [ 👍 | Канал | 100 будущих постов | 0-1/Ч | 2К/Д | Списания Возможны | Без Гарантии]";CHANNEL_POSTS;NONE;47.05650602409639;No
cmqqar1vk014zd2qzna9st9mo;33891;Active;WHATSAPP;🔄 Автореакции;"Whatsapp Авто Реакции [ 👍 | Канал | 50 будущих постов | 0-1/Ч | 2К/Д | Списания Возможны | Без Гарантии]";CHANNEL_POSTS;NONE;23.52843373493976;No
cmqqar1xr015fd2qz697mmvpy;38;Active;WHATSAPP;🤝 Заявки в друзья;"ᴡᴀ WhatsApp бан номера";CHANNEL;NONE;361.4457831325301;No
cmqqar1ye015ld2qzk8yv7ify;25645;Active;LINKEDIN;❤️ Лайки / Нравится;"LinkedIn | Лайки";POST;NONE;27.24;No
cmqqar1ym015nd2qziwbu09ys;41112;Active;LINKEDIN;❤️ Лайки / Нравится;"LinkedIn | Лайки [👤 Живые]";POST;NONE;66.72;No
cmqqar1xz015hd2qzjp1sxbyd;31644;Active;LINKEDIN;❤️ Лайки / Нравится;"LinkedIn Лайки [Пост | Живые | 0-24/Ч | 20-30/Д | Списания Возможны | Без Гарантии]";POST;NONE;6.562530120481928;No
cmqqar20c0163d2qz2hiyws4x;34039;Active;LINKEDIN;👨‍👩‍👧‍👦 Подписчики / Участники;"LinkedIn | Подписчики";CHANNEL;NONE;44.93;No
cmqqar20n0165d2qzytd27o87;25637;Active;LINKEDIN;👨‍👩‍👧‍👦 Подписчики / Участники;"LinkedIn | Подписчики [👤 Живые]";CHANNEL;NONE;75.87;No
cmqqar1zo015xd2qz1yqlmi53;2777;Active;LINKEDIN;👨‍👩‍👧‍👦 Подписчики / Участники;"LinkedIn Фолловеры [Страница Компании/Профиль | 0-6/Ч | 200-500/Д | Списания Возможны | Гарантия 30Д]";CHANNEL;NONE;28.75397590361446;No
cmqqar21y016fd2qzd4uxnh5b;25653;Active;LINKEDIN;📢 Репосты / Поделиться;"LinkedIn | Репосты";POST;NONE;46.11;No
cmqqar227016hd2qz4k7q8s7x;41114;Active;LINKEDIN;📢 Репосты / Поделиться;"LinkedIn | Репосты [👤 Живые]";POST;NONE;85.92999999999999;No
cmqqar244016zd2qzdbghhkfo;25665;Active;LINKEDIN;🤝 Заявки в друзья;"LinkedIn | Подтверждение навыков";CHANNEL;NONE;31.77;No
cmqqar24d0171d2qz1fmu5z15;25677;Active;LINKEDIN;🤝 Заявки в друзья;"LinkedIn | Связи (Connections)";CHANNEL;NONE;31.77;No
cmqqar1y7015jd2qz5z5s8l9p;26208;Active;SOUNDCLOUD;❤️ Лайки / Нравится;"SoundCloud | Лайки [👤 Живые]";POST;NONE;21;No
cmqqar2030161d2qzysqgvrhy;288;Active;SOUNDCLOUD;👨‍👩‍👧‍👦 Подписчики / Участники;"288. Soundcloud Подписчики";CHANNEL;NONE;14.16638554216867;No
cmqqar1za015td2qzhzj9zjsk;26204;Active;SOUNDCLOUD;👨‍👩‍👧‍👦 Подписчики / Участники;"SoundCloud | Подписчики [👤 Живые]";CHANNEL;NONE;50;No
cmqqar1zh015vd2qzhebqf63t;187;Active;SOUNDCLOUD;👨‍👩‍👧‍👦 Подписчики / Участники;"Soundcloud Фолловеры [0-48/Ч | 3-5К/Д | Списания Возможны | Гарантия 30Д]";CHANNEL;NONE;15.45602409638554;No
cmqqar22f016jd2qzj2h1393e;41135;Active;SOUNDCLOUD;📢 Репосты / Поделиться;"SoundCloud | Репосты (Внешние) [👤 Живые]";POST;NONE;250;No
cmqqar21q016dd2qzb40xtc9t;26216;Active;SOUNDCLOUD;📢 Репосты / Поделиться;"SoundCloud | Репосты [👤 Живые]";POST;NONE;21;No
cmqqar24l0173d2qzg8hh1m5r;219;Active;SOUNDCLOUD;🤝 Заявки в друзья;"219. Soundcloud Проигрывания";CHANNEL;NONE;2.833373493975904;No
cmqqar1z2015rd2qzygcssa59;2198;Active;TROVO;👁 Просмотры / Охват;"Trovo Просмотры видео [Высокое качество] ⚡️";POST;NONE;111.3409638554217;No
cmqqar1yu015pd2qzckajvyna;2197;Active;TROVO;👁 Просмотры / Охват;"Trovo Просмотры клипов [Высокое качество] ⚡️";POST;NONE;111.3409638554217;No
cmqqar20w0167d2qzosrjd2l0;26715;Active;TROVO;👨‍👩‍👧‍👦 Подписчики / Участники;"Trovo | Подписчики [👤 Живые]";CHANNEL;NONE;300;No
cmqqar1zw015zd2qzwexg4ea4;884;Active;TROVO;👨‍👩‍👧‍👦 Подписчики / Участники;"Живые фолловеры TROVO [Офферы]";CHANNEL;NONE;16.71096385542169;No
cmqqar2180169d2qzgcm1psnj;23605;Active;TROVO;👨‍👩‍👧‍👦 Подписчики / Участники;"Фолловеры Trovo [HQ | Быстрые | 20 Шт]";CHANNEL;NONE;334.2198795180723;No
cmqqar21h016bd2qztky9c9p3;27510;Active;TROVO;💬 Комментарии / Отзывы;"Живое общение [Trovo | Русский | Новичок | 1 Час]";POST;NONE;3843.528433734939;No
cmqqar22n016ld2qzild5sz8v;861;Active;TROVO;🔄 Автопросмотры;"Просмотры TROVO [Запись Стрима/Видео | HQ | Авторизованные | 0-1/Ч | 10К/Ч | Без Гарантии]";CHANNEL_POSTS;NONE;0.8734939759036144;No
cmqqar231016pd2qz2f4haqq8;26729;Active;TROVO;🔴 Стримы;"Trovo | Зрители прямого эфира [1 Час]";POST;NONE;0.6900000000000001;No
cmqqar22u016nd2qznbgzaosw;24621;Active;TROVO;🔴 Стримы;"Неавторизованные Зрители Trovo [1 Час | Дешевые | Дроп 0-50%]";CHANNEL_POSTS;NONE;0.6427710843373494;No
cmqqar23a016rd2qzvwxdkgvh;17709;Active;TROVO;🔴 Стримы;"Неавторизованные Зрители Trovo [4 Часа | HQ | Дроп 0-50%]";CHANNEL_POSTS;NONE;6.94144578313253;No
cmqqar23o016vd2qzz5lddy7r;26731;Active;TROVO;🤖 Роботы / Боты;"Trovo [100 чат ботов | 1 час]";POST;NONE;1889.627710843374;No
cmqqar23h016td2qzfeovxugj;26728;Active;TROVO;🤖 Роботы / Боты;"Trovo [20 чат ботов | 1 час]";POST;NONE;347.0744578313253;No
cmqqar23v016xd2qzpixbyf9q;26739;Active;TROVO;🤖 Роботы / Боты;"Trovo [50 чат ботов | 24 часа]";POST;NONE;4974.734096385542;No
cmqqar27t017fd2qzxo94g36p;40077;Active;THREADS;❤️ Лайки / Нравится;"Threads | Лайки + Подписчики [Пакет] [👤 Живые]";POST;NONE;90;No
cmqqar27a017bd2qz0a1sp0ad;34881;Active;THREADS;❤️ Лайки / Нравится;"Threads | Лайки [👤 Живые]";POST;NONE;30;No
cmqqar24t0175d2qzadx6ujki;24379;Active;THREADS;❤️ Лайки / Нравится;"Threads Лайки [HQ | 0-24/Ч | 2К/Д | Списания Возможны | Гарантия 30Д]";POST;NONE;5.913614457831325;No
cmqqar2bp018bd2qzsdl77x8i;40145;Active;THREADS;👨‍👩‍👧‍👦 Подписчики / Участники;"Threads | Подписчики [СНГ 🗺️] [👤 Живые]";CHANNEL;NONE;55;No
cmqqar2bg0189d2qzymzdeq4r;32425;Active;THREADS;👨‍👩‍👧‍👦 Подписчики / Участники;"Threads | Подписчики [👤 Живые]";CHANNEL;NONE;50;No
cmqqar2ao0183d2qz9h4cuqom;24373;Active;THREADS;👨‍👩‍👧‍👦 Подписчики / Участники;"Threads Подписчики [MQ | 0-12/Ч | 100-200/Д | Списания Возможны | Без Гарантии]";CHANNEL;NONE;14.71686746987952;No
cmqqar2ey018zd2qza0loge7n;40150;Active;THREADS;📢 Репосты / Поделиться;"Threads | Репосты (Reshares) [Весь мир 🌍] [👤 Живые]";POST;NONE;65;No
cmqqar2ed018xd2qz2pcoamyi;40073;Active;THREADS;📢 Репосты / Поделиться;"Threads | Репосты (Reshares) [👤 Живые]";POST;NONE;60;No
cmqqar2e5018vd2qz8ipsrd6b;24372;Active;THREADS;📢 Репосты / Поделиться;"Threads Репосты [HQ | 0-24/Ч | 1К/Д | Списания Возможны | Гарантия 30Д]";POST;NONE;4.891084337349398;No
cmqqar2500177d2qz6pwv8by0;32242;Active;PINTEREST;❤️ Лайки / Нравится;"Pinterest Лайки [Пин | Живые | 0-1/Ч | 200-1K/Д | Списания Возможны | Без Гарантии]";POST;NONE;1.996867469879518;No
cmqqar25i0179d2qz9iex0hpy;32244;Active;PINTEREST;❤️ Лайки / Нравится;"Pinterest Лайки [Пин | Живые | 0-1/Ч | 200-1K/Д | Списания Возможны | Гарантия 60Д]";POST;NONE;8.69120481927711;No
cmqqar27j017dd2qzyksetz34;36280;Active;PINTEREST;❤️ Лайки / Нравится;"Pinterest — Лайки на Пины ❤️ / ✅ Среднее качество";POST;NONE;8;No
cmqqar28o017nd2qzl9q0l3rc;37638;Active;PINTEREST;🎭 Реакции / Эмодзи;"Pinterest — Реакции на Пины / 💯 Реальные пользователи (🔀 Смешанные)";POST;NONE;60;No
cmqqar29m017vd2qzu8t9g7dd;36288;Active;PINTEREST;👁 Просмотры / Охват;"Pinterest — Просмотры Пинов 👁️ / 💯 Реальные пользователи";POST;NONE;30;No
cmqqar29u017xd2qzttk3i73f;32241;Active;PINTEREST;👨‍👩‍👧‍👦 Подписчики / Участники;"Pinterest Фолловеры [Доска | Живые | 0-1/Ч | 200-1K/Д | Списания Возможны | Без Гарантии]";CHANNEL;NONE;3.2;No
cmqqar2a90181d2qz2ayspbpl;195;Active;PINTEREST;👨‍👩‍👧‍👦 Подписчики / Участники;"Pinterest Фолловеры [Профиль | Живые | 0-1/Ч | 200-1K/Д | Списания Возможны | Гарантия 30Д]";CHANNEL;NONE;18;No
cmqqar2b90187d2qzk02r5bxr;25977;Active;PINTEREST;👨‍👩‍👧‍👦 Подписчики / Участники;"Pinterest — Подписчики / 🧑‍💻 От живых авторов (Источник 1)";CHANNEL_POSTS;NONE;30;No
cmqqar2d6018nd2qzk12mkvjr;33814;Active;PINTEREST;📌 Сохранения / Saves;"Pinterest Сохранения [Пин | MQ | 0-12/Ч | 1K/Д | Списания Возможны | Без Гарантии]";POST;NONE;1.386024096385542;No
cmqqar2df018pd2qziqxp734l;32243;Active;PINTEREST;📌 Сохранения / Saves;"Pinterest Сохранения [Пин | Живые | 0-1/Ч | 200-1K/Д | Списания Возможны | Без Гарантии]";POST;NONE;22.4;No
cmqqar2do018rd2qzagbblz7b;35603;Active;PINTEREST;📌 Сохранения / Saves;"Pinterest — Сохранения Пинов 📌 / 💯 Реальные пользователи";POST;NONE;75;No
cmqqar2f90191d2qzqkyu2pqt;36282;Active;PINTEREST;📢 Репосты / Поделиться;"Pinterest — Репосты Пинов 📌 / 💯 Реальные пользователи";POST;NONE;50;No
cmqqar2dv018td2qzoxjqx4wh;178;Active;PINTEREST;📢 Репосты / Поделиться;"♻ ʏᴛ Репосты в Pinterest";POST;NONE;0.963855421686747;No
cmqqar2i4019hd2qzsqxhsx45;267;Active;PINTEREST;🤝 Заявки в друзья;"Pinterest 80 вечных ссылок";CHANNEL;NONE;0.6987951807228916;No
cmqqar2he019bd2qzepgt62e8;25987;Active;PINTEREST;🤝 Заявки в друзья;"Pinterest — Репины (Good Idea) 📌 / 🧑‍💻 От живых авторов";CHANNEL_POSTS;NONE;40;No
cmqqar2hm019dd2qz1n8ceohz;38078;Active;PINTEREST;🤝 Заявки в друзья;"Социальные Сигналы | Pinterest 📌 | Траст Google и Индексация 📈 | Живые Люди 🧑‍💻";CHANNEL;NONE;60;No
cmqqar281017hd2qzxv9y0z8f;41164;Active;GOOGLE;❤️ Лайки / Нравится;"Wildberries | Лайки на отзывы (Полезно) [👤 Живые]";POST;NONE;250;No
cmqqar289017jd2qzzk41lwlb;32291;Active;GOOGLE;⭐ Звезды (Telegram Stars);"Яндекс и Гугл Карты [5 Звезд + Отзыв | Без Отчётов | Живые | 0-1/Ч | 500/Д | Списания Возможны | Без Гарантии]";CUSTOM;NONE;332.9343373493976;No
cmqqar28g017ld2qzg2f8zose;34019;Active;GOOGLE;⭐ Звезды (Telegram Stars);"Яндекс и Гугл Карты [5 Звезд + Отзыв | С Отчётами | Живые | 0-1/Ч | 500/Д | Списания Возможны | Без Гарантии]";CUSTOM;NONE;998.8031325301205;No
cmqqar2cg018hd2qz545cw3a7;15646;Active;GOOGLE;💬 Комментарии / Отзывы;"IG Комментарии Рандомные [США | Настоящие | 0-4/Ч | 150/Д | Списания Возможны | Без Гарантии]";POST;NONE;0.41;No
cmqqar2cp018jd2qznic7bcns;31194;Active;GOOGLE;💬 Комментарии / Отзывы;"Рандомные комментарии для видео на TikTok";POST;NONE;8;No
cmqqar2c7018fd2qzp66k486t;1103;Active;GOOGLE;💬 Комментарии / Отзывы;"ᴛɢ ИИ комментарии по теме поста";POST;NONE;3.698795180722891;No
cmqqar2gp0195d2qzgrwh26hp;164;Active;GOOGLE;🔄 Автокомментарии;"Автокомментарии на 10 старых постов (живые RU)";CHANNEL_POSTS;NONE;107.2289156626506;No
cmqqar29e017td2qzzzmotg5z;32969;Active;REDDIT;👁 Просмотры / Охват;"Reddit | Просмотры";POST;NONE;0.7799999999999999;No
cmqqar297017rd2qzju77jqe1;37768;Active;REDDIT;👁 Просмотры / Охват;"Reddit | Просмотры [Европа 🇪🇺]";POST;NONE;0.95;No
cmqqar28y017pd2qzok0sn9lm;37766;Active;REDDIT;👁 Просмотры / Охват;"Reddit | Просмотры [США 🇺🇸]";POST;NONE;0.95;No
cmqqar2c0018dd2qzr65fwq1v;30694;Active;REDDIT;👨‍👩‍👧‍👦 Подписчики / Участники;"Reddit | Подписчики [👤 Живые]";CHANNEL;NONE;60;No
cmqqar2a1017zd2qzhf823fq8;559;Active;REDDIT;👨‍👩‍👧‍👦 Подписчики / Участники;"Reddit Подписчики [Профиль | 0-1/Ч | 400/Д | Возможны Списания | Гарантия 30Д]";CHANNEL;NONE;1.52;No
cmqqar2b10185d2qzak8lgkpq;558;Active;REDDIT;👨‍👩‍👧‍👦 Подписчики / Участники;"Подписчики Reddit [Канал | 0-4/Ч | 20К/Д | Списания Возможны | Гарантия 30Д]";CHANNEL;NONE;1.6;No
cmqqar2cx018ld2qz2r1m6kw0;646;Active;REDDIT;📊 Голоса / Опросы;"Reddit Голоса [За | Живые | 0-1/Ч | 500/Д | Возможны Списания | Без Гарантии]";POST;NUMBER;15.45602409638554;No
cmqqar2fg0193d2qz9j4bzsyf;32967;Active;REDDIT;📢 Репосты / Поделиться;"Reddit | Репосты (Внешние) [👤 Живые]";POST;NONE;250;No
cmqqar2h60199d2qzmd4n6xmb;38552;Active;REDDIT;🤝 Заявки в друзья;"Reddit | Апвоуты [США 🇺🇸] [♻️ 14 дней] [👤 Живые]";CHANNEL;NONE;120;No
cmqqar2gz0197d2qzts7bmzae;30693;Active;REDDIT;🤝 Заявки в друзья;"Reddit | Апвоуты [♻️ 30 дней] [👤 Живые]";CHANNEL;NONE;120;No
cmqqar2hw019fd2qz23qtkgu8;38547;Active;REDDIT;🤝 Заявки в друзья;"Reddit | Апвоуты [👤 Живые]";CHANNEL;NONE;40;No
cmqqar2j1019ld2qztvdon55x;33543;Active;TUMBLR;❤️ Лайки / Нравится;"Tumblr | Лайки [👤 Живые]";POST;NONE;20.03;No
cmqqar2ih019jd2qzy8bc97q5;31645;Active;TUMBLR;❤️ Лайки / Нравится;"Tumblr Лайки [HQ | 0-12/Ч | 10-30/Д | Списания Возможны | Гарантия 30Д]";POST;NONE;3.4;No
cmqqar2pk01axd2qziji0obd3;33542;Active;TUMBLR;👨‍👩‍👧‍👦 Подписчики / Участники;"Tumblr | Подписчики [👤 Живые]";CHANNEL;NONE;32.44;No
cmqqar2o801apd2qzh7nzfmk6;751;Active;TUMBLR;👨‍👩‍👧‍👦 Подписчики / Участники;"Tumblr Фолловеры [0-3/Ч | 500-1К/Д | Списания Возможны | Без Гарантии]";CHANNEL;NONE;1.562650602409638;No
cmqqar2ov01atd2qz8w9i1p3e;20461;Active;TUMBLR;👨‍👩‍👧‍👦 Подписчики / Участники;"Tumblr Фолловеры [Живые | 0-6/Ч | 50-200/Д | Списания Возможны | Гарантия 30Д]";CHANNEL;NONE;3.4;No
cmqqar2rr01bdd2qzri58v661;33544;Active;TUMBLR;📢 Репосты / Поделиться;"Tumblr | Реблоги (Репосты) [👤 Живые]";POST;NONE;50.97000000000001;No
cmqqar2sg01bjd2qziukyazsg;41139;Active;TUMBLR;📢 Репосты / Поделиться;"Tumblr | Репосты (Внешние) [👤 Живые]";POST;NONE;250;No
cmqqar2j9019nd2qz7pjqo38e;41171;Active;RUMBLE;❤️ Лайки / Нравится;"Rumble | Лайки на видео";POST;NONE;27.72;No
cmqqar2ms01add2qzg70z6rxd;41168;Active;RUMBLE;👁 Просмотры / Охват;"Rumble | Просмотры видео";POST;NONE;0.7699999999999999;No
cmqqar2n001afd2qzgvxv7zk8;27960;Active;RUMBLE;👁 Просмотры / Охват;"Rumble Просмотры [Бразилия | Видео | HQ | 0-1/Ч | 5К/Д | Списания Возможны | Без Гарантии]";POST;NONE;1.036867469879518;No
cmqqar2n901ahd2qz1udkfr57;27959;Active;RUMBLE;👁 Просмотры / Охват;"Rumble Просмотры [США | Видео | HQ | 0-1/Ч | 5К/Д | Списания Возможны | Без Гарантии]";POST;NONE;1.296024096385542;No
cmqqar2ni01ajd2qzo68dlpd4;41172;Active;RUMBLE;👎 Дизлайки;"Rumble | Дизлайки на видео";POST;NONE;27.72;No
cmqqar2qg01b1d2qzqeyb4qia;41170;Active;RUMBLE;👨‍👩‍👧‍👦 Подписчики / Участники;"Rumble | Подписчики на канал";CHANNEL;NONE;28.12;No
cmqqar2p601avd2qzhqcz382s;24588;Active;RUMBLE;👨‍👩‍👧‍👦 Подписчики / Участники;"Подписчики Rumble.com [HQ | 0-24/Ч | 500/Ч | Списания 0-20% | Гарантия 30Д]";CHANNEL;NONE;16.71096385542169;No
cmqqar2rz01bfd2qz1fro6aki;41176;Active;RUMBLE;📢 Репосты / Поделиться;"Rumble | Репосты (Внешние) [👤 Живые]";POST;NONE;250;No
cmqqar2t601bpd2qz7l6loyri;41169;Active;RUMBLE;🔴 Стримы;"Rumble | Зрители на стрим [1 Час]";POST;NONE;0.8699999999999999;No
cmqqar2sw01bnd2qzx6io0q1c;24566;Active;RUMBLE;🔴 Стримы;"Зрители Rumble 1 Час [10-10000 зрителей | Расхождение 0-30%]";POST;NONE;0.6427710843373494;No
cmqqar2tj01brd2qzspq05rwt;24569;Active;RUMBLE;🔴 Стримы;"Зрители Rumble 4 Часа [10-10000 зрителей | Расхождение 0-30%]";POST;NONE;2.570963855421687;No
cmqqar2jh019pd2qzcq9k8ikg;31043;Active;MEDIUM;❤️ Лайки / Нравится;"Medium | Хлопки (Лайки)";POST;NONE;26.65;No
cmqqar2k0019td2qzdbqvxgg9;37728;Active;MEDIUM;❤️ Лайки / Нравится;"Medium | Хлопки (Лайки) [👤 Живые]";POST;NONE;66.67;No
cmqqar2lu01a5d2qzwz9sag5o;32991;Active;MEDIUM;👁 Просмотры / Охват;"Medium Просмотры [HQ | Пост | 0-12/Ч | 3К/Д | Списания Возможны | Без Гарантии]";POST;NONE;2.7;No
cmqqar2ps01azd2qz35rcw7ks;31042;Active;MEDIUM;👨‍👩‍👧‍👦 Подписчики / Участники;"Medium | Подписчики";CHANNEL;NONE;36.1;No
cmqqar2qo01b3d2qzgy6pplk8;26775;Active;MEDIUM;👨‍👩‍👧‍👦 Подписчики / Участники;"Medium | Подписчики [👤 Живые]";CHANNEL;NONE;75.80999999999999;No
cmqqar2oh01ard2qzuajstlrs;31489;Active;MEDIUM;👨‍👩‍👧‍👦 Подписчики / Участники;"Medium Фолловеры [HQ | 0-12/Ч | 3К/Д | Списания Возможны | Без Гарантии]";CHANNEL;NONE;18.92156626506024;No
cmqqar2rc01b9d2qz2xu18bfp;37729;Active;MEDIUM;📌 Сохранения / Saves;"Medium | Сохранения статьи [👤 Живые]";POST;NONE;69.07000000000001;No
cmqqar2s801bhd2qzawhnmdpx;26783;Active;MEDIUM;📢 Репосты / Поделиться;"Medium | Репосты (Внешние) [👤 Живые]";POST;NONE;250;No
cmqqar2wj01c1d2qzkvfjyvax;26784;Active;MEDIUM;🤝 Заявки в друзья;"Medium | Добавление в избранное [👤 Живые]";CHANNEL;NONE;73.67999999999999;No
cmqqar2vy01bxd2qz5nxdbsxs;31494;Active;MEDIUM;🤝 Заявки в друзья;"Medium Хлопки [Живые | 0-6/Ч | 3К/Д | Списания Возможны | Без Гарантии]";CHANNEL;NONE;9.139277108433735;No
cmqqar2jq019rd2qzfv32hojm;34239;Active;MUSIC;❤️ Лайки / Нравится;"Яндекс Музыка Лайки [Трек | 0-24/Ч | 50-150/Д | Списания Возможны |  Без Гарантии]";POST;NONE;18.14036144578314;No
cmqqar2l2019zd2qzaafpo09e;27575;Active;MUSIC;🎵 Прослушивания (Music);"VK Прослушивания [Плейлист | Дешевые | 0-1/Ч | 50К/Д | Списания Возможны | Без Гарантии]";POST;NONE;0.0972289156626506;No
cmqqar2kn019xd2qzfo5e5tsn;36494;Active;MUSIC;🎵 Прослушивания (Music);"Прослушивания для альбома Audiomack";POST;NONE;1;No
cmqqar2kd019vd2qzlrjfasqu;37;Active;MUSIC;🎵 Прослушивания (Music);"ᴠᴋ Прослушивания";POST;NONE;0.07228915662650602;No
cmqqar2so01bld2qz7hrvlelt;1805;Active;MUSIC;👁 Просмотры / Охват;"VK Авто-просмотры [Глазик] - на новые посты 30 дней 👀⚡️";CHANNEL_POSTS;NONE;46.2;No
cmqqar2mc01a9d2qzrph5vtig;2756;Active;MUSIC;👁 Просмотры / Охват;"VK Просмотр на пост [Глазик] [Россия] 👀 🇷🇺";POST;NONE;6;No
cmqqar2mj01abd2qzz9v7p7xx;1802;Active;MUSIC;👁 Просмотры / Охват;"VK Просмотр на пост [глазик] [Реальные Россия] 👀 🇷🇺";POST;NONE;14.32204819277108;No
cmqqar2ll01a3d2qzf5ioa9y3;1803;Active;MUSIC;👁 Просмотры / Охват;"VK Просмотры на видео [Средняя скорость] 👀⚡️";POST;NONE;0.5;No
cmqqar2w801bzd2qzc0a9teht;34242;Active;MUSIC;🤝 Заявки в друзья;"Яндекс Музыка Добавление в плейлист [Трек | 0-24/Ч | 50-150/Д | Списания Возможны |  Без Гарантии]";CHANNEL;NONE;87.46277108433735;No
cmqqar2m301a7d2qz3abjvp88;27659;Active;QUORA;👁 Просмотры / Охват;"Quora Просмотры [HQ | 0-1/Ч | 12К/Д | Списания Возможны | Без Гарантии]";POST;NONE;0.3;No
cmqqar2lb01a1d2qzfxftmy3s;33526;Active;QUORA;👁 Просмотры / Охват;"Quora — Живые просмотры контента";POST;NONE;0.9;No
cmqqar2nr01ald2qz7wmi9k8d;35982;Active;QUORA;👨‍👩‍👧‍👦 Подписчики / Участники;"Quora — Подписчики профиля";CHANNEL;NONE;6;No
cmqqar2o101and2qzvf1prewa;474;Active;QUORA;👨‍👩‍👧‍👦 Подписчики / Участники;"Quora.com Подписчики [0-1/Ч | 1К/Д | Списания Возможны | Гарантия 30Д]";CHANNEL;NONE;2.9;No
cmqqar2qw01b5d2qze8t7beu0;473;Active;QUORA;📊 Голоса / Опросы;"Quora Голос &quot,ЗА&quot, [0-1/Ч | 1К/Д | Списания Возможны | Гарантия 30Д]";POST;NUMBER;2.9;No
cmqqar2r501b7d2qzc2a2uf0s;33621;Active;QUORA;📊 Голоса / Опросы;"Quora Голос &quot,Против&quot, [0-1/Ч | 1К/Д | Списания Возможны | Гарантия 30Д]";POST;NUMBER;2.9;No
cmqqar2rk01bbd2qzfyyomn75;33528;Active;QUORA;📢 Репосты / Поделиться;"Quora — Живые репосты";POST;NONE;4;No
cmqqar2tt01btd2qzn8rauukc;35983;Active;QUORA;🤝 Заявки в друзья;"Quora | Апвоуты на ответ [Сервер 1]";CHANNEL;NONE;5.93;No
cmqqar2vl01bvd2qzbqxgeri5;35985;Active;QUORA;🤝 Заявки в друзья;"Quora | Даунвоуты на ответ [Сервер 1]";CHANNEL;NONE;5.93;No
cmqqar2wr01c3d2qzuyhs1ini;40993;Active;QUORA;🤝 Заявки в друзья;"Quora | Даунвоуты на ответ [👤 Живые люди]";CHANNEL;NONE;112.49;No
cmqqar2x101c5d2qzeipbupz5;33546;Active;AUDIOMACK;❤️ Лайки / Нравится;"Лайки для Audiomack";POST;NONE;1.2;No
cmqqar2xk01c9d2qzwxlrgzh5;431;Active;AUDIOMACK;👨‍👩‍👧‍👦 Подписчики / Участники;"Audiomack Подписчики [0-8/Ч | 9K/Д | Списания Возможны| Гарантия 30Д]";CHANNEL;NONE;1.641686746987952;No
cmqqar2x901c7d2qz76igkw5a;33550;Active;AUDIOMACK;👨‍👩‍👧‍👦 Подписчики / Участники;"Подписчики для Audiomack";CHANNEL;NONE;1.2;No
cmqqar2xu01cbd2qz3k38e6dq;33548;Active;AUDIOMACK;🤝 Заявки в друзья;"Реапы для Audiomack";CHANNEL;NONE;1.2;No
cmqqar2yb01cfd2qzzcpq98wf;790;Active;OTHER;❤️ Лайки / Нравится;"790. IG Лайки";POST;NONE;0.4297590361445783;No
cmqqar2yk01chd2qz3j7ki4qh;27182;Active;OTHER;❤️ Лайки / Нравится;"SnackVideo Лайки [Бразилия | 0-6/Ч | 1К/Д | Списания Возможны | Без Гарантии]";POST;NONE;0.8645783132530122;No
cmqqar2y201cdd2qzgyaim6i4;430;Active;OTHER;❤️ Лайки / Нравится;"ᴛᴛ 🔥 Моментальные лайки ⟮ ♻ ʀ 30 ⟯";POST;NONE;0.07228915662650602;No
cmqqar2zg01cnd2qz6slm2mo5;832;Active;OTHER;🎭 Реакции / Эмодзи;"832. Реакции на пост (👍,❤️,🔥,🎉) [Быстрый Старт]";POST;NONE;0.144578313253012;No
cmqqar2z101cld2qz1g0pp46j;881;Active;OTHER;🎭 Реакции / Эмодзи;"ᴛɢ Позитивные реакции + просмотры ⟮ микс 👍 ❤️ 🔥 🎉🤩 😁 ⟯";POST;NONE;0.01686746987951807;No
cmqqar2ys01cjd2qzs378ibrp;884;Active;OTHER;🎭 Реакции / Эмодзи;"ᴛɢ Позитивные реакции на пост ⟮ микс 👍 ❤️ 🔥 🎉🤩 😁 ⟯";POST;NONE;0.0108433734939759;No
cmqqar30801crd2qzks9lizy2;34266;Active;OTHER;🎵 Прослушивания (Music);"Farlight 84 [10 Алмазов]";POST;NONE;102.2889156626506;No
cmqqar2zz01cpd2qz7ta4j5ke;34265;Active;OTHER;🎵 Прослушивания (Music);"Farlight 84 [5 Алмазов]";POST;NONE;51.17686746987952;No
cmqqar30j01ctd2qz2ns6mgo9;154;Active;OTHER;🎵 Прослушивания (Music);"Установить приложение и поставить оценку 4/5[Android]";POST;NONE;1267.2;No
cmqqar30z01cxd2qz248vhsc2;569;Active;OTHER;👁 Просмотры / Охват;"569. IG Просмотры Reels/IGTV/Видео [Промо]";POST;NONE;0.02409638554216868;No
cmqqar31a01czd2qz7cv2day1;36026;Active;OTHER;👁 Просмотры / Охват;"Telesco.pe | Просмотры видео";POST;NONE;0.01;No
cmqqar30r01cvd2qziimw670w;55;Active;OTHER;👁 Просмотры / Охват;"ᴛᴛ Быстрые просмотры ⟮ ♻ ʀ 30 ⟯";POST;NONE;0.03253012048192772;No
cmqqar31i01d1d2qzq71ms97s;36392;Active;OTHER;👎 Дизлайки;"VC (VC.ru) — Живые дизлайки";POST;NONE;100;No
cmqqar31q01d3d2qzi8trvs8a;36394;Active;OTHER;👎 Дизлайки;"VC (VC.ru) — Живые дизлайки комментариев";POST;NONE;100;No
cmqqar31z01d5d2qze8ebyjuq;33;Active;OTHER;👥 Вступление в группы / чаты;"ᴠᴋ ♻ Живые вступившие в группы/паблики ⟮ ♻ ʀ 30 ⟯";CHANNEL;NONE;7.831325301204819;No
cmqqar32f01d9d2qzt63vz1hl;574;Active;OTHER;👨‍👩‍👧‍👦 Подписчики / Участники;"574. IG Подписчики + Гарантия [30 дней]♻️";CHANNEL;NONE;1.925542168674699;No
cmqqar32m01dbd2qzhpta47jr;14058;Active;OTHER;👨‍👩‍👧‍👦 Подписчики / Участники;"Dribbble Подписчики [0-1/Ч | 1К/Д | Списания Возможны | Без Гарантии]";CHANNEL;NONE;0.9600000000000001;No
cmqqar32701d7d2qzojlxfjlq;707;Active;OTHER;👨‍👩‍👧‍👦 Подписчики / Участники;"ᴛɢ Быстрые подписчики ⟮ ♻ ʀ 3 ⟯";CHANNEL;NONE;0.108433734939759;No
cmqqar33r01dhd2qz8pzzst2g;580;Active;OTHER;💎 Premium Подписчики;"580. Premium Реакции на пост (👌 😍 ❤️ 🤡 👍 🐳)";CHANNEL;NONE;0.1807228915662651;No
cmqqar32u01ddd2qzb9yqxolf;1381;Active;OTHER;💎 Premium Подписчики;"ᴛɢ Негативные Премиум реакции ⟮ 🥱🥴🌚🍌💔🤨😐🖕😈 ⟯";CHANNEL;NONE;0.01204819277108434;No
cmqqar33101dfd2qz0o0so3uy;126;Active;OTHER;💎 Premium Подписчики;"💎 Premium 20% + Non premium 80% [Non Drop 30] 💧⛔️";CHANNEL;NONE;2.527951807228916;No
cmqqar34h01dnd2qzn7svbwf2;29366;Active;OTHER;📊 Голоса / Опросы;"Blockfolio [Голоса | 0-24/Ч | 1К/Д | Списания Возможны | Без Гарантии]";POST;NUMBER;80;No
cmqqar34701dld2qza0f1b3fu;14069;Active;OTHER;📊 Голоса / Опросы;"CoinHunt положительные голоса (upvotes)";POST;NUMBER;30;No
cmqqar33z01djd2qzkd1sb1tu;1247;Active;OTHER;📊 Голоса / Опросы;"Голоса в опрос ( быстрые )";POST;NUMBER;0.3734939759036144;No
cmqqar34x01drd2qzvuweoq2p;324;Active;OTHER;📌 Сохранения / Saves;"324. IG Сохранения";POST;NONE;0.1193975903614458;No
cmqqar34o01dpd2qzdzpac2o0;74;Active;OTHER;📌 Сохранения / Saves;"ɪɢ Сохранения";POST;NONE;0.07228915662650602;No
cmqqar35501dtd2qzwv2r2uvz;1051;Active;OTHER;📌 Сохранения / Saves;"Сохранения";POST;NONE;0.1204819277108434;No
cmqqar35k01dxd2qzzqw8sosx;1026;Active;OTHER;📢 Репосты / Поделиться;"1026. IG Репосты поста/Reels #1 (В Директ)";POST;NONE;0.2865060240963855;No
cmqqar35s01dzd2qzsi3zyjso;663;Active;OTHER;📢 Репосты / Поделиться;"ɪɢ Репосты с охватом";POST;NONE;0.5903614457831325;No
cmqqar35c01dvd2qzs5x602sb;957;Active;OTHER;📢 Репосты / Поделиться;"ᴛɢ Микс репосты на пост";POST;NONE;0.06024096385542169;No
cmqqar36001e1d2qze71urg62;528;Active;OTHER;📱 Сториз / Истории;"528. IG Stories - Просмотры + Охват + Показы [Все Сториз] - ЧИТАТЬ ОПИСАНИЕ";POST;NONE;0.3104819277108434;No
cmqqar36701e3d2qzq4s1snu9;824;Active;OTHER;📱 Сториз / Истории;"ɪɢ Клики по ссылке в истории";POST;NONE;0.3614457831325301;No
cmqqar36f01e5d2qzh6qmqedm;891;Active;OTHER;📱 Сториз / Истории;"ɪɢ Переходы по ссылке в истории";POST;NONE;2.409638554216868;No
cmqqar37701e7d2qzorx8tk48;525;Active;OTHER;🔄 Автолайки;"FB Автолайки на 10 будущих постов (боты)";CHANNEL_POSTS;NONE;24.09638554216868;No
cmqqar37f01e9d2qzoanfmcvn;184;Active;OTHER;🔄 Автолайки;"ɪɢ Автолайки на 10 старых постов (живые RU)";CHANNEL_POSTS;NONE;36.14457831325301;No
cmqqar37n01ebd2qz8chwvbbj;185;Active;OTHER;🔄 Автолайки;"ɪɢ Автолайки на 20 старых постов (живые RU)";CHANNEL_POSTS;NONE;69.87951807228916;No
cmqqar38b01ehd2qzlg3ssfal;662;Active;OTHER;🔄 Автопросмотры;"662. ВК Автопросмотры на пост - 7 дней";CHANNEL_POSTS;NONE;0.6024096385542169;No
cmqqar37u01edd2qzemfoex4n;621;Active;OTHER;🔄 Автопросмотры;"ᴛɢ 🇷🇺 Русские подписчики + авто просмотры 30 дней";CHANNEL_POSTS;NONE;6.204819277108434;No
cmqqar38201efd2qz2kgvn61t;482;Active;OTHER;🔄 Автопросмотры;"ᴛɢ 🇺🇸 Подписчики + авто просмотры 7 дней";CHANNEL_POSTS;NONE;3.132530120481928;No
cmqqar38j01ejd2qzu3j85nh7;166;Active;OTHER;🔄 Авторепосты;"Авторепосты (сохранения) на 10 старых постов (живые RU)";CHANNEL_POSTS;NONE;36.14457831325301;No
cmqqar39101end2qz4z9feclh;678;Active;OTHER;🔄 Авторепосты;"ᴛɢ 🇷🇺 Авто Репосты на 7 дней";CHANNEL_POSTS;NONE;76.36144578313252;No
cmqqar38s01eld2qzjpow3i4j;173;Active;OTHER;🔄 Авторепосты;"ᴠᴋ Авторепосты на 10 старых постов";CHANNEL_POSTS;NONE;66.26506024096386;No
cmqqar39x01etd2qzhjlkwo6g;27522;Active;OTHER;🔴 Стримы;"Shopee Зрители [15 Минут | 0-1/Ч | Расхождение 10%]";POST;NONE;3.75;No
cmqqar39i01erd2qzwkdt2lwk;931;Active;OTHER;🔴 Стримы;"ᴛɢ 🇷🇺 Онлайн русские подписчики ⟮ ♻ ʀ 180 ⟯";POST;NONE;4.132530120481928;No
cmqqar39901epd2qzkmdre1df;105;Active;OTHER;🔴 Стримы;"ᴛɢ 🇷🇺 Онлайн русские подписчики ⟮ ♻ ʀ 30 ⟯";POST;NONE;1.493975903614458;No
cmqqar3ag01evd2qz1dojwkbj;610;Active;OTHER;🤖 Роботы / Боты;"ᴛɢ Быстрые боты ⟮ ♻ ʀ 60 ⟯";POST;NONE;0.4578313253012048;No
cmqqar3aq01exd2qz44nl8xdt;455;Active;OTHER;🤖 Роботы / Боты;"ᴛɢ ↑ ⭐ 🇷🇺 Активность для бота от подписчиков ID 450";POST;NONE;3.132530120481928;No
cmqqar3b001ezd2qz1t4ag3ti;88;Active;OTHER;🤖 Роботы / Боты;"🤖 BOT START | Non Drop | NOT ACTIVITY";POST;NONE;0.3;No
cmqqar3bg01f3d2qzym9whpvy;609;Active;OTHER;🤝 Заявки в друзья;"609. ВК Друзья/Подписчики в Паблик/Группу/Страницу [Высокое качество]⭐⭐";CHANNEL;NONE;7.801204819277109;No
cmqqar3bn01f5d2qzkmu24wrl;744;Active;OTHER;🤝 Заявки в друзья;"Spreaker скачивания ";CHANNEL;NONE;4.415903614457831;No
cmqqar3b801f1d2qz5p04nm7l;708;Active;OTHER;🤝 Заявки в друзья;"ᴛɢ ⭐ Реальные";CHANNEL;NONE;0.5180722891566265;No
