date,total_orders,active_orderers,completed_orders,completed_revenue,total_price,tg_completed_orders,tg_completed_rev,insta_completed_orders,insta_completed_rev,vk_completed_orders,vk_completed_rev,tt_completed_orders,tt_completed_rev,yt_completed_orders,yt_completed_rev,topups_count,topups_amount,active_topup_users,new_users,tickets_count,orders_7d_ma,rev_7d_ma,users_7d_ma,topups_7d_ma
2024-10-10,0.0,0.0,0.0,0.0,0.0,0.0,0.0,0.0,0.0,0.0,0.0,0.0,0.0,0.0,0.0,0.0,0.0,0.0,1.0,0.0,0.0,0.0,1.0,0.0
2024-10-11,3.0,1.0,0.0,0.0,192.19,0.0,0.0,0.0,0.0,0.0,0.0,0.0,0.0,0.0,0.0,1.0,100.0,1.0,0.0,0.0,0.0,0.0,0.5,50.0
2024-10-12,0.0,0.0,0.0,0.0,0.0,0.0,0.0,0.0,0.0,0.0,0.0,0.0,0.0,0.0,0.0,0.0,0.0,0.0,0.0,0.0,0.0,0.0,0.3333333333333333,33.333333333333336
2024-10-13,0.0,0.0,0.0,0.0,0.0,0.0,0.0,0.0,0.0,0.0,0.0,0.0,0.0,0.0,0.0,0.0,0.0,0.0,0.0,0.0,0.0,0.0,0.25,25.0
2024-10-14,0.0,0.0,0.0,0.0,0.0,0.0,0.0,0.0,0.0,0.0,0.0,0.0,0.0,0.0,0.0,0.0,0.0,0.0,0.0,0.0,0.0,0.0,0.2,20.0
2024-10-15,0.0,0.0,0.0,0.0,0.0,0.0,0.0,0.0,0.0,0.0,0.0,0.0,0.0,0.0,0.0,0.0,0.0,0.0,0.0,0.0,0.0,0.0,0.16666666666666666,16.666666666666668
2024-10-16,0.0,0.0,0.0,0.0,0.0,0.0,0.0,0.0,0.0,0.0,0.0,0.0,0.0,0.0,0.0,0.0,0.0,0.0,0.0,0.0,0.0,0.0,0.14285714285714285,14.285714285714286
2024-10-17,0.0,0.0,0.0,0.0,0.0,0.0,0.0,0.0,0.0,0.0,0.0,0.0,0.0,0.0,0.0,0.0,0.0,0.0,0.0,0.0,0.0,0.0,0.0,14.285714285714286
2024-10-18,0.0,0.0,0.0,0.0,0.0,0.0,0.0,0.0,0.0,0.0,0.0,0.0,0.0,0.0,0.0,0.0,0.0,0.0,0.0,0.0,0.0,0.0,0.0,0.0
2024-10-19,1.0,1.0,0.0,0.0,9.38,0.0,0.0,0.0,0.0,0.0,0.0,0.0,0.0,0.0,0.0,1.0,20.0,1.0,0.0,0.0,0.0,0.0,0.0,2.857142857142857
2024-10-20,0.0,0.0,0.0,0.0,0.0,0.0,0.0,0.0,0.0,0.0,0.0,0.0,0.0,0.0,0.0,0.0,0.0,0.0,0.0,0.0,0.0,0.0,0.0,2.857142857142857
2024-10-21,0.0,0.0,0.0,0.0,0.0,0.0,0.0,0.0,0.0,0.0,0.0,0.0,0.0,0.0,0.0,0.0,0.0,0.0,0.0,0.0,0.0,0.0,0.0,2.857142857142857
2024-10-22,0.0,0.0,0.0,0.0,0.0,0.0,0.0,0.0,0.0,0.0,0.0,0.0,0.0,0.0,0.0,0.0,0.0,0.0,0.0,0.0,0.0,0.0,0.0,2.857142857142857
2024-10-23,0.0,0.0,0.0,0.0,0.0,0.0,0.0,0.0,0.0,0.0,0.0,0.0,0.0,0.0,0.0,0.0,0.0,0.0,0.0,0.0,0.0,0.0,0.0,2.857142857142857
2024-10-24,0.0,0.0,0.0,0.0,0.0,0.0,0.0,0.0,0.0,0.0,0.0,0.0,0.0,0.0,0.0,0.0,0.0,0.0,0.0,0.0,0.0,0.0,0.0,2.857142857142857
2024-10-25,0.0,0.0,0.0,0.0,0.0,0.0,0.0,0.0,0.0,0.0,0.0,0.0,0.0,0.0,0.0,0.0,0.0,0.0,0.0,0.0,0.0,0.0,0.0,2.857142857142857
2024-10-26,0.0,0.0,0.0,0.0,0.0,0.0,0.0,0.0,0.0,0.0,0.0,0.0,0.0,0.0,0.0,0.0,0.0,0.0,0.0,0.0,0.0,0.0,0.0,0.0
2024-10-27,0.0,0.0,0.0,0.0,0.0,0.0,0.0,0.0,0.0,0.0,0.0,0.0,0.0,0.0,0.0,0.0,0.0,0.0,0.0,0.0,0.0,0.0,0.0,0.0
2024-10-28,0.0,0.0,0.0,0.0,0.0,0.0,0.0,0.0,0.0,0.0,0.0,0.0,0.0,0.0,0.0,0.0,0.0,0.0,0.0,0.0,0.0,0.0,0.0,0.0
2024-10-29,0.0,0.0,0.0,0.0,0.0,0.0,0.0,0.0,0.0,0.0,0.0,0.0,0.0,0.0,0.0,0.0,0.0,0.0,0.0,0.0,0.0,0.0,0.0,0.0
2024-10-30,0.0,0.0,0.0,0.0,0.0,0.0,0.0,0.0,0.0,0.0,0.0,0.0,0.0,0.0,0.0,0.0,0.0,0.0,0.0,0.0,0.0,0.0,0.0,0.0
2024-10-31,0.0,0.0,0.0,0.0,0.0,0.0,0.0,0.0,0.0,0.0,0.0,0.0,0.0,0.0,0.0,0.0,0.0,0.0,0.0,0.0,0.0,0.0,0.0,0.0
2024-11-01,0.0,0.0,0.0,0.0,0.0,0.0,0.0,0.0,0.0,0.0,0.0,0.0,0.0,0.0,0.0,0.0,0.0,0.0,0.0,0.0,0.0,0.0,0.0,0.0
2024-11-02,0.0,0.0,0.0,0.0,0.0,0.0,0.0,0.0,0.0,0.0,0.0,0.0,0.0,0.0,0.0,0.0,0.0,0.0,0.0,0.0,0.0,0.0,0.0,0.0
2024-11-03,0.0,0.0,0.0,0.0,0.0,0.0,0.0,0.0,0.0,0.0,0.0,0.0,0.0,0.0,0.0,0.0,0.0,0.0,0.0,0.0,0.0,0.0,0.0,0.0
2024-11-04,0.0,0.0,0.0,0.0,0.0,0.0,0.0,0.0,0.0,0.0,0.0,0.0,0.0,0.0,0.0,0.0,0.0,0.0,0.0,0.0,0.0,0.0,0.0,0.0
2024-11-05,0.0,0.0,0.0,0.0,0.0,0.0,0.0,0.0,0.0,0.0,0.0,0.0,0.0,0.0,0.0,0.0,0.0,0.0,0.0,0.0,0.0,0.0,0.0,0.0
2024-11-06,0.0,0.0,0.0,0.0,0.0,0.0,0.0,0.0,0.0,0.0,0.0,0.0,0.0,0.0,0.0,0.0,0.0,0.0,0.0,0.0,0.0,0.0,0.0,0.0
2024-11-07,1.0,1.0,0.0,0.0,294.0,0.0,0.0,0.0,0.0,0.0,0.0,0.0,0.0,0.0,0.0,0.0,0.0,0.0,3.0,0.0,0.0,0.0,0.42857142857142855,0.0
2024-11-08,0.0,0.0,0.0,0.0,0.0,0.0,0.0,0.0,0.0,0.0,0.0,0.0,0.0,0.0,0.0,0.0,0.0,0.0,0.0,0.0,0.0,0.0,0.42857142857142855,0.0
2024-11-09,0.0,0.0,0.0,0.0,0.0,0.0,0.0,0.0,0.0,0.0,0.0,0.0,0.0,0.0,0.0,0.0,0.0,0.0,3.0,0.0,0.0,0.0,0.8571428571428571,0.0
2024-11-10,0.0,0.0,0.0,0.0,0.0,0.0,0.0,0.0,0.0,0.0,0.0,0.0,0.0,0.0,0.0,0.0,0.0,0.0,0.0,0.0,0.0,0.0,0.8571428571428571,0.0
2024-11-11,0.0,0.0,0.0,0.0,0.0,0.0,0.0,0.0,0.0,0.0,0.0,0.0,0.0,0.0,0.0,0.0,0.0,0.0,0.0,0.0,0.0,0.0,0.8571428571428571,0.0
2024-11-12,0.0,0.0,0.0,0.0,0.0,0.0,0.0,0.0,0.0,0.0,0.0,0.0,0.0,0.0,0.0,0.0,0.0,0.0,0.0,0.0,0.0,0.0,0.8571428571428571,0.0
2024-11-13,0.0,0.0,0.0,0.0,0.0,0.0,0.0,0.0,0.0,0.0,0.0,0.0,0.0,0.0,0.0,0.0,0.0,0.0,0.0,0.0,0.0,0.0,0.8571428571428571,0.0
2024-11-14,0.0,0.0,0.0,0.0,0.0,0.0,0.0,0.0,0.0,0.0,0.0,0.0,0.0,0.0,0.0,0.0,0.0,0.0,0.0,0.0,0.0,0.0,0.42857142857142855,0.0
2024-11-15,0.0,0.0,0.0,0.0,0.0,0.0,0.0,0.0,0.0,0.0,0.0,0.0,0.0,0.0,0.0,0.0,0.0,0.0,1.0,0.0,0.0,0.0,0.5714285714285714,0.0
2024-11-16,0.0,0.0,0.0,0.0,0.0,0.0,0.0,0.0,0.0,0.0,0.0,0.0,0.0,0.0,0.0,0.0,0.0,0.0,2.0,0.0,0.0,0.0,0.42857142857142855,0.0
2024-11-17,0.0,0.0,0.0,0.0,0.0,0.0,0.0,0.0,0.0,0.0,0.0,0.0,0.0,0.0,0.0,0.0,0.0,0.0,0.0,0.0,0.0,0.0,0.42857142857142855,0.0
2024-11-18,0.0,0.0,0.0,0.0,0.0,0.0,0.0,0.0,0.0,0.0,0.0,0.0,0.0,0.0,0.0,0.0,0.0,0.0,0.0,0.0,0.0,0.0,0.42857142857142855,0.0
2024-11-19,0.0,0.0,0.0,0.0,0.0,0.0,0.0,0.0,0.0,0.0,0.0,0.0,0.0,0.0,0.0,0.0,0.0,0.0,0.0,0.0,0.0,0.0,0.42857142857142855,0.0
2024-11-20,0.0,0.0,0.0,0.0,0.0,0.0,0.0,0.0,0.0,0.0,0.0,0.0,0.0,0.0,0.0,0.0,0.0,0.0,0.0,0.0,0.0,0.0,0.42857142857142855,0.0
2024-11-21,0.0,0.0,0.0,0.0,0.0,0.0,0.0,0.0,0.0,0.0,0.0,0.0,0.0,0.0,0.0,0.0,0.0,0.0,0.0,0.0,0.0,0.0,0.42857142857142855,0.0
2024-11-22,0.0,0.0,0.0,0.0,0.0,0.0,0.0,0.0,0.0,0.0,0.0,0.0,0.0,0.0,0.0,0.0,0.0,0.0,0.0,0.0,0.0,0.0,0.2857142857142857,0.0
2024-11-23,0.0,0.0,0.0,0.0,0.0,0.0,0.0,0.0,0.0,0.0,0.0,0.0,0.0,0.0,0.0,0.0,0.0,0.0,0.0,0.0,0.0,0.0,0.0,0.0
2024-11-24,0.0,0.0,0.0,0.0,0.0,0.0,0.0,0.0,0.0,0.0,0.0,0.0,0.0,0.0,0.0,0.0,0.0,0.0,0.0,0.0,0.0,0.0,0.0,0.0
2024-11-25,0.0,0.0,0.0,0.0,0.0,0.0,0.0,0.0,0.0,0.0,0.0,0.0,0.0,0.0,0.0,0.0,0.0,0.0,0.0,0.0,0.0,0.0,0.0,0.0
2024-11-26,0.0,0.0,0.0,0.0,0.0,0.0,0.0,0.0,0.0,0.0,0.0,0.0,0.0,0.0,0.0,0.0,0.0,0.0,0.0,0.0,0.0,0.0,0.0,0.0
2024-11-27,0.0,0.0,0.0,0.0,0.0,0.0,0.0,0.0,0.0,0.0,0.0,0.0,0.0,0.0,0.0,0.0,0.0,0.0,0.0,0.0,0.0,0.0,0.0,0.0
2024-11-28,17.0,15.0,1.0,9.36,1166.36,0.0,0.0,0.0,0.0,1.0,9.36,0.0,0.0,0.0,0.0,0.0,0.0,0.0,14.0,0.0,0.14285714285714285,1.337142857142857,2.0,0.0
2024-11-29,31.0,6.0,0.0,0.0,1218.48,0.0,0.0,0.0,0.0,0.0,0.0,0.0,0.0,0.0,0.0,0.0,0.0,0.0,5.0,0.0,0.14285714285714285,1.337142857142857,2.7142857142857144,0.0
2024-11-30,5.0,1.0,0.0,0.0,46.8,0.0,0.0,0.0,0.0,0.0,0.0,0.0,0.0,0.0,0.0,0.0,0.0,0.0,0.0,0.0,0.14285714285714285,1.337142857142857,2.7142857142857144,0.0
2024-12-01,0.0,0.0,0.0,0.0,0.0,0.0,0.0,0.0,0.0,0.0,0.0,0.0,0.0,0.0,0.0,0.0,0.0,0.0,0.0,0.0,0.14285714285714285,1.337142857142857,2.7142857142857144,0.0
2024-12-02,15.0,2.0,3.0,30.51,152.55,0.0,0.0,0.0,0.0,3.0,30.51,0.0,0.0,0.0,0.0,0.0,0.0,0.0,0.0,0.0,0.5714285714285714,5.695714285714287,2.7142857142857144,0.0
2024-12-03,0.0,0.0,0.0,0.0,0.0,0.0,0.0,0.0,0.0,0.0,0.0,0.0,0.0,0.0,0.0,0.0,0.0,0.0,1.0,0.0,0.5714285714285714,5.695714285714287,2.857142857142857,0.0
2024-12-04,4.0,2.0,0.0,0.0,48.15,0.0,0.0,0.0,0.0,0.0,0.0,0.0,0.0,0.0,0.0,2.0,35.28,1.0,0.0,0.0,0.5714285714285714,5.695714285714287,2.857142857142857,5.04
2024-12-05,8.0,2.0,0.0,0.0,8092.68,0.0,0.0,0.0,0.0,0.0,0.0,0.0,0.0,0.0,0.0,1.0,10.0,1.0,0.0,0.0,0.42857142857142855,4.3585714285714285,0.8571428571428571,6.468571428571429
2024-12-06,2.0,2.0,0.0,0.0,14.21,0.0,0.0,0.0,0.0,0.0,0.0,0.0,0.0,0.0,0.0,0.0,0.0,0.0,0.0,0.0,0.42857142857142855,4.3585714285714285,0.14285714285714285,6.468571428571429
2024-12-07,0.0,0.0,0.0,0.0,0.0,0.0,0.0,0.0,0.0,0.0,0.0,0.0,0.0,0.0,0.0,0.0,0.0,0.0,0.0,0.0,0.42857142857142855,4.3585714285714285,0.14285714285714285,6.468571428571429
2024-12-08,0.0,0.0,0.0,0.0,0.0,0.0,0.0,0.0,0.0,0.0,0.0,0.0,0.0,0.0,0.0,0.0,0.0,0.0,0.0,0.0,0.42857142857142855,4.3585714285714285,0.14285714285714285,6.468571428571429
2024-12-09,7.0,2.0,2.0,20.28,1182.36,0.0,0.0,0.0,0.0,2.0,20.28,0.0,0.0,0.0,0.0,1.0,1.0,1.0,0.0,0.0,0.2857142857142857,2.8971428571428572,0.14285714285714285,6.611428571428571
2024-12-10,2.0,1.0,0.0,0.0,185.5,0.0,0.0,0.0,0.0,0.0,0.0,0.0,0.0,0.0,0.0,0.0,0.0,0.0,0.0,0.0,0.2857142857142857,2.8971428571428572,0.0,6.611428571428571
2024-12-11,13.0,6.0,1.0,10.2,134.2,0.0,0.0,0.0,0.0,1.0,10.2,0.0,0.0,0.0,0.0,1.0,11.0,1.0,6.0,0.0,0.42857142857142855,4.354285714285714,0.8571428571428571,3.142857142857143
2024-12-12,185.0,96.0,106.0,16783.96,29299.45,58.0,8123.85,1.0,30.0,46.0,8618.91,0.0,0.0,1.0,11.2,108.0,18425.0,71.0,98.0,0.0,15.571428571428571,2402.062857142857,14.857142857142858,2633.8571428571427
2024-12-13,228.0,136.0,156.0,22699.74,28318.56,92.0,13315.4,2.0,2234.0,59.0,6611.8,2.0,203.54,1.0,335.0,171.0,24359.0,116.0,128.0,0.0,37.857142857142854,5644.882857142858,33.142857142857146,6113.714285714285
2024-12-14,272.0,124.0,150.0,19762.54,33379.92,96.0,12083.56,3.0,206.98,50.0,7446.5,1.0,25.5,0.0,0.0,163.0,22226.0,95.0,109.0,0.0,59.285714285714285,8468.102857142858,48.714285714285715,9288.857142857143
2024-12-15,288.0,136.0,176.0,27677.22,45371.96,108.0,18626.03,4.0,2287.6,61.0,6661.59,3.0,102.0,0.0,0.0,173.0,27205.0,90.0,114.0,0.0,84.42857142857143,12421.99142857143,65.0,13175.285714285714
2024-12-16,309.0,151.0,206.0,28337.31,53099.35,121.0,17866.14,1.0,84.5,84.0,10386.67,0.0,0.0,0.0,0.0,200.0,33180.0,124.0,121.0,0.0,113.57142857142857,16467.28142857143,82.28571428571429,17915.14285714286
2024-12-17,309.0,174.0,191.0,30821.19,44064.54,116.0,13703.16,8.0,1472.08,64.0,15035.23,1.0,180.0,0.0,0.0,199.0,34589.0,129.0,145.0,0.0,140.85714285714286,20870.308571428573,103.0,22856.428571428572
2024-12-18,595.0,344.0,387.0,55954.86,134003.95,168.0,21521.06,26.0,2830.17,130.0,23087.02,13.0,2646.38,2.0,356.38,67.0,12637.0,51.0,322.0,0.0,196.0,28862.402857142857,148.14285714285714,24660.14285714286
2024-12-19,916.0,493.0,555.0,81923.06,295316.04,268.0,28218.25,54.0,10886.22,129.0,26465.94,28.0,2098.84,9.0,6023.35,0.0,0.0,0.0,444.0,0.0,260.14285714285717,38167.98857142857,197.57142857142858,22028.0
2024-12-20,882.0,472.0,567.0,100250.13,185038.59,269.0,41475.41,70.0,24169.06,113.0,23676.91,28.0,1987.31,8.0,2365.6,0.0,0.0,0.0,407.0,63.0,318.85714285714283,49246.61571428571,237.42857142857142,18548.14285714286
2024-12-21,876.0,490.0,558.0,69231.67,156856.01,250.0,28335.19,88.0,13856.68,97.0,14533.93,33.0,1705.77,13.0,1905.99,0.0,0.0,0.0,422.0,29.0,377.14285714285717,56313.634285714295,282.14285714285717,15373.0
2024-12-22,1051.0,569.0,615.0,68376.18,160064.45,278.0,27216.14,93.0,14640.48,127.0,11402.57,39.0,2573.04,10.0,5767.68,0.0,0.0,0.0,487.0,31.0,439.85714285714283,62127.77142857143,335.42857142857144,11486.57142857143
2024-12-23,1193.0,583.0,642.0,97283.24,480249.63,276.0,32941.47,85.0,31203.22,184.0,23580.65,31.0,2002.74,6.0,2213.0,0.0,0.0,0.0,489.0,56.0,502.14285714285717,71977.19,388.0,6746.571428571428
2024-12-24,1183.0,592.0,697.0,99686.96,204776.52,299.0,50975.5,90.0,13697.66,185.0,19076.98,26.0,1490.97,19.0,4164.93,0.0,0.0,0.0,474.0,50.0,574.4285714285714,81815.15714285713,435.0,1805.2857142857142
2024-12-25,1055.0,569.0,643.0,87391.98,159641.26,335.0,36756.69,81.0,16759.44,113.0,18035.31,17.0,1463.75,21.0,5040.7,0.0,0.0,0.0,449.0,55.0,611.0,86306.17428571428,453.14285714285717,0.0
2024-12-26,1015.0,493.0,633.0,86235.28,1701419.4,299.0,43636.61,62.0,16511.21,160.0,15376.32,18.0,1307.64,9.0,1702.6,0.0,0.0,0.0,375.0,38.0,622.1428571428571,86922.20571428572,443.2857142857143,0.0
2024-12-27,1048.0,516.0,686.0,78962.9,151278.72,286.0,28751.6,91.0,13858.5,180.0,23390.33,16.0,962.35,22.0,5612.9,0.0,0.0,0.0,389.0,51.0,639.1428571428571,83881.17285714285,440.7142857142857,0.0
2024-12-28,926.0,476.0,589.0,83617.2,7536551.69,274.0,29246.36,67.0,18887.76,105.0,17691.29,38.0,7114.14,12.0,3073.5,0.0,0.0,0.0,368.0,19.0,643.5714285714286,85936.24857142857,433.0,0.0
2024-12-29,1003.0,475.0,645.0,159264.29,328322.57,304.0,114472.92,95.0,17751.38,106.0,15331.68,44.0,1697.93,15.0,1571.6,0.0,0.0,0.0,360.0,18.0,647.8571428571429,98920.2642857143,414.85714285714283,0.0
2024-12-30,943.0,492.0,643.0,84600.58,143950.62,298.0,40128.78,97.0,13514.04,103.0,15336.11,42.0,4712.09,18.0,3138.1,0.0,0.0,0.0,372.0,37.0,648.0,97108.45571428572,398.14285714285717,0.0
2024-12-31,767.0,365.0,517.0,68187.2,140108.31,258.0,24063.98,68.0,18973.71,84.0,12943.92,29.0,2429.86,20.0,2049.55,0.0,0.0,0.0,250.0,18.0,622.2857142857143,92608.48999999999,366.14285714285717,0.0
2025-01-01,744.0,395.0,479.0,56783.05,7067472.24,222.0,28521.24,76.0,10585.49,62.0,4955.57,35.0,6083.98,9.0,1372.0,0.0,0.0,0.0,296.0,18.0,598.8571428571429,88235.78571428571,344.2857142857143,0.0
2025-01-02,1019.0,571.0,643.0,75722.68,2283399.98,282.0,27432.17,81.0,14935.15,108.0,13008.79,59.0,2165.23,23.0,9173.1,0.0,0.0,0.0,448.0,23.0,600.2857142857143,86733.9857142857,354.7142857142857,0.0
2025-01-03,1230.0,606.0,760.0,96090.8,218508.63,361.0,51024.15,90.0,15773.03,121.0,11337.75,50.0,3387.86,16.0,2544.45,0.0,0.0,0.0,499.0,50.0,610.8571428571429,89180.82857142857,370.42857142857144,0.0
2025-01-04,1309.0,664.0,833.0,99957.51,8961478.55,409.0,41907.02,82.0,18982.64,131.0,18322.68,66.0,6532.93,17.0,2497.45,0.0,0.0,0.0,531.0,31.0,645.7142857142857,91515.15857142858,393.7142857142857,0.0
2025-01-05,1327.0,642.0,866.0,92750.38,1870402.23,355.0,28476.62,162.0,29194.56,135.0,17121.54,71.0,3941.6,28.0,3689.5,0.0,0.0,0.0,505.0,34.0,677.2857142857143,82013.17142857143,414.42857142857144,0.0
2025-01-06,1327.0,664.0,784.0,104624.06,1410123.89,385.0,45815.03,89.0,31669.36,151.0,14464.72,48.0,3343.4,13.0,2385.8,0.0,0.0,0.0,510.0,40.0,697.4285714285714,84873.66857142856,434.14285714285717,0.0
2025-01-07,1469.0,687.0,908.0,84615.28,899571.79,392.0,35302.56,150.0,14185.86,149.0,11145.75,70.0,6046.43,28.0,9571.1,0.0,0.0,0.0,535.0,51.0,753.2857142857143,87220.53714285714,474.85714285714283,0.0
2025-01-08,1562.0,760.0,1081.0,141361.98,215230.92,485.0,57381.95,144.0,27337.47,190.0,21918.13,122.0,12054.39,30.0,9587.1,0.0,0.0,0.0,574.0,47.0,839.2857142857143,99303.24142857142,514.5714285714286,0.0
2025-01-09,1596.0,731.0,1057.0,117723.78,3198675.17,560.0,54497.17,102.0,13641.58,183.0,30597.5,90.0,7551.68,16.0,3804.9,0.0,0.0,0.0,579.0,49.0,898.4285714285714,105303.39857142858,533.2857142857143,0.0
2025-01-10,1492.0,707.0,1030.0,137780.79,284203.75,511.0,75930.37,151.0,19652.25,132.0,13008.33,93.0,8583.27,28.0,8462.1,0.0,0.0,0.0,565.0,47.0,937.0,111259.11142857143,542.7142857142857,0.0
2025-01-11,1720.0,733.0,1087.0,166509.31,549421.8,535.0,58949.73,126.0,28360.36,170.0,20069.33,77.0,25211.65,25.0,17244.2,0.0,0.0,0.0,570.0,36.0,973.2857142857143,120766.51142857144,548.2857142857143,0.0
2025-01-12,1725.0,700.0,1065.0,119327.25,340020.73,556.0,49229.8,173.0,33353.62,137.0,11983.39,66.0,8475.67,21.0,5844.82,0.0,0.0,0.0,525.0,35.0,1001.7142857142857,124563.20714285714,551.1428571428571,0.0
2025-01-13,1466.0,641.0,1008.0,147365.58,42317793.68,580.0,82334.75,135.0,38623.92,133.0,12204.65,67.0,3961.95,18.0,3205.24,0.0,0.0,0.0,461.0,48.0,1033.7142857142858,130669.13857142859,544.1428571428571,0.0
2025-01-14,1308.0,606.0,905.0,121643.15,204429.57,458.0,55199.59,103.0,15109.43,127.0,20074.05,101.0,18997.31,34.0,3254.8,0.0,0.0,0.0,428.0,44.0,1033.2857142857142,135958.83428571429,528.8571428571429,0.0
2025-01-15,1393.0,624.0,964.0,167268.83,603262.23,482.0,89021.56,97.0,17001.57,225.0,35330.31,63.0,15186.39,14.0,3543.4,0.0,0.0,0.0,425.0,56.0,1016.5714285714286,139659.81285714285,507.57142857142856,0.0
2025-01-16,1250.0,585.0,732.0,90045.88,283620.18,393.0,38572.38,85.0,28594.58,151.0,13975.92,50.0,2989.11,16.0,3057.34,0.0,0.0,0.0,421.0,39.0,970.1428571428571,135705.82714285716,485.0,0.0
2025-01-17,1433.0,678.0,960.0,140152.93,2665310.55,501.0,55632.64,156.0,34955.38,122.0,28520.36,74.0,8412.04,20.0,5505.55,0.0,0.0,0.0,458.0,37.0,960.1428571428571,136044.70428571428,469.7142857142857,0.0
2025-01-18,1463.0,701.0,987.0,127676.07,218613.2,499.0,57928.69,155.0,30129.57,148.0,20551.93,58.0,4206.3,20.0,4528.8,0.0,0.0,0.0,513.0,25.0,945.8571428571429,130497.09857142856,461.57142857142856,0.0
2025-01-19,1375.0,690.0,922.0,113057.8,5753240.42,467.0,49149.73,168.0,29741.91,111.0,12726.06,63.0,7111.74,10.0,3780.0,0.0,0.0,0.0,512.0,30.0,925.4285714285714,129601.46285714283,459.7142857142857,0.0
2025-01-20,1609.0,726.0,1117.0,114915.99,511537.24,528.0,54609.57,211.0,26801.52,198.0,15871.33,72.0,5134.96,24.0,4923.78,0.0,0.0,0.0,531.0,48.0,941.0,124965.80714285713,469.7142857142857,0.0
2025-01-21,1565.0,723.0,1097.0,130897.39,896328.55,597.0,62373.75,140.0,22444.54,153.0,17952.54,58.0,6575.96,26.0,5657.6,0.0,0.0,0.0,523.0,35.0,968.4285714285714,126287.84142857142,483.2857142857143,0.0
2025-01-22,1632.0,739.0,1135.0,144891.86,214323.31,621.0,71822.48,182.0,32536.32,145.0,25714.78,59.0,3918.43,9.0,2145.32,0.0,0.0,0.0,561.0,44.0,992.8571428571429,123091.13142857142,502.7142857142857,0.0
2025-01-23,1490.0,676.0,1020.0,119941.23,3207862.53,543.0,60530.1,189.0,29775.75,146.0,14379.01,43.0,2628.9,32.0,7699.58,0.0,0.0,0.0,464.0,37.0,1034.0,127361.89571428571,508.85714285714283,0.0
2025-01-24,1690.0,752.0,1107.0,151219.15,1046502.2,572.0,90268.87,181.0,27189.59,163.0,11953.56,73.0,8082.27,16.0,2257.2,0.0,0.0,0.0,534.0,38.0,1055.0,128942.78428571428,519.7142857142857,0.0
2025-01-25,1715.0,741.0,1183.0,136248.21,7154788.97,595.0,75533.01,182.0,22770.72,206.0,14440.89,37.0,4757.07,25.0,3861.61,0.0,0.0,0.0,538.0,29.0,1083.0,130167.37571428572,523.2857142857143,0.0
2025-01-26,1828.0,743.0,912.0,126488.99,320935.98,439.0,58166.46,118.0,16317.37,116.0,16653.79,74.0,15504.82,17.0,4480.6,0.0,0.0,0.0,575.0,46.0,1081.5714285714287,132086.11714285714,532.2857142857143,0.0
2025-01-27,1953.0,802.0,1225.0,162827.48,1013880.12,622.0,69561.44,187.0,39905.13,201.0,20000.75,92.0,15748.5,31.0,8933.82,0.0,0.0,0.0,541.0,59.0,1097.0,138930.61571428573,533.7142857142857,0.0
2025-01-28,1835.0,797.0,1313.0,140952.69,3565953.31,756.0,74134.71,164.0,25959.81,179.0,16201.32,77.0,6527.31,28.0,3601.04,0.0,0.0,0.0,557.0,44.0,1127.857142857143,140367.08714285717,538.5714285714286,0.0
2025-01-29,1825.0,849.0,1287.0,155740.62,355426.55,708.0,76915.24,178.0,20815.24,173.0,34134.35,98.0,7772.6,25.0,6553.47,0.0,0.0,0.0,614.0,52.0,1149.5714285714287,141916.90999999997,546.1428571428571,0.0
2025-01-30,1632.0,760.0,1181.0,151818.97,249235.86,651.0,78739.32,175.0,23554.99,163.0,26175.61,68.0,9650.89,25.0,4419.07,0.0,0.0,0.0,505.0,37.0,1172.5714285714287,146470.87285714285,552.0,0.0
2025-01-31,1639.0,743.0,1173.0,129882.03,222971.87,552.0,59697.65,172.0,19394.06,268.0,30545.03,75.0,6794.4,29.0,6089.83,0.0,0.0,0.0,542.0,31.0,1182.0,143422.71285714285,553.1428571428571,0.0
2025-02-01,1680.0,723.0,1209.0,130908.44,212194.93,622.0,51053.02,194.0,31435.74,148.0,23986.45,60.0,5478.45,19.0,5292.18,0.0,0.0,0.0,503.0,32.0,1185.7142857142858,142659.88857142857,548.1428571428571,0.0
2025-02-02,1680.0,752.0,1070.0,120745.78,7385891.6,552.0,68010.94,174.0,17151.69,123.0,10106.0,75.0,11096.84,11.0,2507.74,0.0,0.0,0.0,542.0,38.0,1208.2857142857142,141839.43,543.4285714285714,0.0
2025-02-03,2021.0,882.0,1231.0,165337.81,593804.06,576.0,85645.51,245.0,38655.84,198.0,18593.94,68.0,5228.55,20.0,4112.15,0.0,0.0,0.0,619.0,59.0,1209.142857142857,142198.04857142858,554.5714285714286,0.0
2025-02-04,1801.0,814.0,1329.0,162041.81,230511.8,620.0,70546.08,212.0,47294.29,284.0,25018.03,97.0,6661.48,21.0,3741.45,0.0,0.0,0.0,551.0,48.0,1211.4285714285713,145210.78,553.7142857142857,0.0
2025-02-05,1838.0,855.0,1300.0,172651.88,586038.03,687.0,86696.49,254.0,37779.26,189.0,26144.76,49.0,8216.2,29.0,3300.94,0.0,0.0,0.0,581.0,41.0,1213.2857142857142,147626.6742857143,549.0,0.0
2025-02-06,1848.0,817.0,1322.0,173347.94,321887.43,718.0,81782.67,205.0,19682.44,197.0,37832.94,58.0,15080.5,19.0,5659.24,0.0,0.0,0.0,552.0,40.0,1233.4285714285713,150702.24142857143,555.7142857142857,0.0
2025-02-07,1755.0,815.0,1236.0,143986.02,243652.79,608.0,79034.08,191.0,22467.86,199.0,22140.21,93.0,8415.15,25.0,3564.5,0.0,0.0,0.0,557.0,41.0,1242.4285714285713,152717.09714285712,557.8571428571429,0.0
2025-02-08,1731.0,746.0,1279.0,145759.36,277684.55,698.0,84446.81,204.0,15295.67,213.0,25790.67,49.0,6855.59,10.0,6945.2,0.0,0.0,0.0,509.0,34.0,1252.4285714285713,154838.65714285715,558.7142857142857,0.0
2025-02-09,1732.0,737.0,1144.0,152416.63,307378.3,613.0,55195.26,182.0,37051.82,163.0,25257.03,71.0,12278.08,24.0,5060.46,0.0,0.0,0.0,503.0,25.0,1263.0,159363.06428571427,553.1428571428571,0.0
2025-02-10,2030.0,845.0,1435.0,158536.15,256262.5,768.0,81862.22,248.0,23469.19,194.0,21677.36,98.0,12553.57,28.0,3319.06,0.0,0.0,0.0,581.0,41.0,1292.142857142857,158391.39857142858,547.7142857142857,0.0
2025-02-11,2038.0,848.0,1517.0,163410.02,271980.72,762.0,77269.51,326.0,36305.17,208.0,27165.45,88.0,6170.53,22.0,5804.7,0.0,0.0,0.0,549.0,47.0,1319.0,158586.85714285713,547.4285714285714,0.0
2025-02-12,1975.0,924.0,1445.0,207825.37,316130.26,732.0,92513.71,261.0,39495.23,223.0,42297.19,88.0,9306.85,39.0,13633.73,0.0,0.0,0.0,638.0,53.0,1339.7142857142858,163611.64142857143,555.5714285714286,0.0
2025-02-13,1993.0,857.0,1487.0,188288.2,567108.87,739.0,85511.1,263.0,50456.23,252.0,22840.46,130.0,11840.0,13.0,5826.52,0.0,0.0,0.0,553.0,40.0,1363.2857142857142,165745.9642857143,555.7142857142857,0.0
2025-02-14,2005.0,848.0,1479.0,165257.6,1706847.0,778.0,72287.81,250.0,36328.43,202.0,23897.17,64.0,8526.27,17.0,2535.95,0.0,0.0,0.0,487.0,47.0,1398.0,168784.76142857145,545.7142857142857,0.0
2025-02-15,1934.0,832.0,1451.0,144520.68,10215845.04,803.0,65678.05,240.0,31809.83,167.0,12622.91,65.0,5643.49,36.0,7473.63,0.0,0.0,0.0,535.0,32.0,1422.5714285714287,168607.80714285714,549.4285714285714,0.0
2025-02-16,1820.0,801.0,1305.0,138221.92,2559869.83,642.0,55399.25,223.0,38233.94,188.0,18394.18,72.0,7462.99,24.0,4732.81,0.0,0.0,0.0,528.0,30.0,1445.5714285714287,166579.99142857143,553.0,0.0
2025-02-17,2338.0,931.0,1666.0,179001.54,338658.55,959.0,99377.61,266.0,31557.04,241.0,21707.84,84.0,12688.86,28.0,4763.57,0.0,0.0,0.0,590.0,60.0,1478.5714285714287,169503.61857142858,554.2857142857143,0.0
2025-02-18,2117.0,917.0,1511.0,164101.82,235359.0,882.0,68728.78,182.0,25351.49,227.0,32905.81,71.0,10216.79,23.0,9446.12,0.0,0.0,0.0,580.0,47.0,1477.7142857142858,169602.44714285713,558.7142857142857,0.0
2025-02-19,2042.0,832.0,1500.0,161790.41,229621.76,829.0,79931.77,200.0,28850.59,267.0,24409.55,93.0,7363.8,15.0,3396.15,0.0,0.0,0.0,504.0,32.0,1485.5714285714287,163026.02428571432,539.5714285714286,0.0
2025-02-20,1974.0,758.0,1353.0,190115.14,291031.56,681.0,100301.88,240.0,40220.68,214.0,21228.43,118.0,12904.32,17.0,5523.03,0.0,0.0,0.0,450.0,45.0,1466.4285714285713,163287.01571428572,524.8571428571429,0.0
2025-02-21,2037.0,834.0,1528.0,196843.53,260929.28,794.0,89657.3,304.0,57623.46,227.0,26794.28,79.0,8980.78,19.0,3198.21,0.0,0.0,0.0,482.0,33.0,1473.4285714285713,167799.29142857142,524.1428571428571,0.0
2025-02-22,1864.0,762.0,1408.0,175454.5,289387.93,849.0,108167.06,209.0,24418.77,150.0,24442.78,71.0,4734.69,17.0,4019.17,0.0,0.0,0.0,431.0,20.0,1467.2857142857142,172218.4085714286,509.2857142857143,0.0
2025-02-23,1754.0,812.0,1250.0,157803.33,2351805.09,700.0,71159.49,170.0,21981.49,190.0,31211.24,80.0,18073.05,28.0,8326.55,0.0,0.0,0.0,490.0,27.0,1459.4285714285713,175015.75285714286,503.85714285714283,0.0
2025-02-24,1913.0,819.0,1452.0,200162.86,289929.22,762.0,86140.59,293.0,46149.12,206.0,37423.12,77.0,8614.59,36.0,9140.17,0.0,0.0,0.0,471.0,27.0,1428.857142857143,178038.79857142858,486.85714285714283,0.0
2025-02-25,1981.0,796.0,1413.0,177316.76,821916.67,749.0,91130.94,263.0,42130.49,216.0,25362.86,69.0,6933.98,17.0,1758.26,0.0,0.0,0.0,455.0,44.0,1414.857142857143,179926.64714285714,469.0,0.0
2025-02-26,2046.0,768.0,1262.0,161485.9,280355.37,731.0,75336.45,189.0,30786.5,173.0,34837.61,65.0,4647.96,21.0,5232.54,0.0,0.0,0.0,449.0,52.0,1380.857142857143,179883.14571428573,461.14285714285717,0.0
2025-02-27,1983.0,868.0,1461.0,168953.68,243636.08,799.0,78580.5,237.0,34454.41,252.0,33979.12,70.0,4763.95,17.0,2633.92,0.0,0.0,0.0,512.0,42.0,1396.2857142857142,176860.08,470.0,0.0
2025-02-28,1892.0,838.0,1352.0,163943.66,445355.17,723.0,68784.38,204.0,43769.83,253.0,24379.92,67.0,9203.15,16.0,5919.95,0.0,0.0,0.0,486.0,41.0,1371.142857142857,172160.09857142856,470.57142857142856,0.0
2025-03-01,1878.0,784.0,1274.0,112553.72,401996.53,738.0,56052.05,209.0,24904.38,156.0,12285.06,55.0,3996.46,27.0,6338.23,0.0,0.0,0.0,481.0,24.0,1352.0,163174.27285714285,477.7142857142857,0.0
2025-03-02,1867.0,799.0,1285.0,140363.78,213498.24,701.0,55827.27,211.0,42842.35,206.0,22474.92,63.0,5430.88,24.0,5387.96,0.0,0.0,0.0,501.0,34.0,1357.0,160682.90857142856,479.2857142857143,0.0
2025-03-03,1980.0,903.0,1404.0,155454.94,552266.2,754.0,74957.72,250.0,36756.5,214.0,20822.3,66.0,5665.72,34.0,8411.71,0.0,0.0,0.0,528.0,63.0,1350.142857142857,154296.06285714285,487.42857142857144,0.0
2025-03-04,2283.0,942.0,1631.0,175344.34,499392.64,844.0,88475.07,300.0,37473.53,273.0,25751.74,102.0,12969.9,26.0,4707.64,0.0,0.0,0.0,582.0,40.0,1381.2857142857142,154014.28857142857,505.57142857142856,0.0
2025-03-05,1934.0,815.0,1447.0,146153.48,270728.9,823.0,76963.33,203.0,16477.05,226.0,28297.57,79.0,5119.79,18.0,6526.93,0.0,0.0,0.0,457.0,33.0,1407.7142857142858,151823.94285714286,506.7142857142857,0.0
2025-03-06,2270.0,929.0,1593.0,168012.88,255539.49,796.0,80073.64,303.0,39568.73,262.0,25731.16,94.0,5029.41,27.0,3984.48,0.0,0.0,0.0,552.0,44.0,1426.5714285714287,151689.54285714286,512.4285714285714,0.0
2025-03-07,2187.0,926.0,1699.0,193343.27,259514.2,898.0,81743.09,268.0,56879.06,287.0,24683.72,97.0,9118.65,27.0,6014.4,0.0,0.0,0.0,524.0,44.0,1476.142857142857,155889.48714285716,517.8571428571429,0.0
2025-03-08,1780.0,765.0,1323.0,134877.67,1984650.63,766.0,44909.06,175.0,23572.37,197.0,14728.87,71.0,4969.01,21.0,34245.47,0.0,0.0,0.0,444.0,24.0,1483.142857142857,159078.62285714285,512.5714285714286,0.0
2025-03-09,2132.0,890.0,1639.0,164571.7,554560.06,861.0,88837.04,263.0,29889.39,272.0,18108.62,130.0,8095.62,12.0,2572.6,0.0,0.0,0.0,548.0,21.0,1533.7142857142858,162536.89714285714,519.2857142857143,0.0
2025-03-10,2221.0,975.0,1628.0,167403.04,272175.16,916.0,88647.13,227.0,36833.31,266.0,17235.08,108.0,11296.21,22.0,4297.3,0.0,0.0,0.0,576.0,60.0,1565.7142857142858,164243.76857142858,526.1428571428571,0.0
2025-03-11,2371.0,987.0,1755.0,185057.57,785047.99,924.0,69254.7,227.0,31174.06,293.0,29868.99,105.0,23193.21,49.0,11972.71,0.0,0.0,0.0,581.0,37.0,1583.4285714285713,165631.37285714288,526.0,0.0
2025-03-12,2387.0,1033.0,1739.0,164004.21,313678.49,992.0,68798.25,241.0,28586.13,252.0,38379.23,99.0,8966.01,29.0,8777.65,0.0,0.0,0.0,620.0,38.0,1625.142857142857,168181.47714285715,549.2857142857143,0.0
2025-03-13,2376.0,990.0,1785.0,193549.89,1585427.96,928.0,73949.21,255.0,58232.79,298.0,27719.08,148.0,14597.45,24.0,7254.29,0.0,0.0,0.0,575.0,45.0,1652.5714285714287,171829.62142857144,552.5714285714286,0.0
2025-03-14,2478.0,1017.0,1889.0,200603.15,688010.97,1003.0,103295.63,276.0,29731.09,310.0,31999.43,115.0,14042.15,36.0,8114.7,0.0,0.0,0.0,568.0,39.0,1679.7142857142858,172866.74714285714,558.8571428571429,0.0
2025-03-15,2079.0,893.0,1584.0,170390.66,679179.14,854.0,77178.93,179.0,27331.53,240.0,26236.67,122.0,19814.94,29.0,7543.0,0.0,0.0,0.0,533.0,23.0,1717.0,177940.03142857147,571.5714285714286,0.0
2025-03-16,2083.0,935.0,1458.0,156166.1,19447818.37,747.0,58896.6,193.0,37942.21,200.0,24671.86,163.0,15927.64,32.0,4149.74,0.0,0.0,0.0,614.0,32.0,1691.142857142857,176739.23142857142,581.0,0.0
2025-03-17,2726.0,1065.0,2029.0,187546.89,333614.78,1178.0,92087.99,273.0,36087.01,298.0,26340.36,131.0,6904.41,19.0,12751.63,0.0,0.0,0.0,639.0,57.0,1748.4285714285713,179616.92428571428,590.0,0.0
2025-03-18,2622.0,1058.0,1877.0,199512.73,818751.22,1068.0,102731.22,275.0,32499.46,289.0,27876.3,95.0,7624.81,33.0,10136.06,0.0,0.0,0.0,593.0,46.0,1765.857142857143,181681.94714285716,591.7142857142857,0.0
2025-03-19,2653.0,1020.0,1786.0,154304.71,484956.26,867.0,72376.88,287.0,27628.11,386.0,27142.41,97.0,9037.9,22.0,4243.49,0.0,0.0,0.0,617.0,59.0,1772.5714285714287,180296.30428571426,591.2857142857143,0.0
2025-03-20,2394.0,1028.0,1785.0,177322.43,387568.36,978.0,81361.41,227.0,38456.71,346.0,26755.52,81.0,7128.96,36.0,6389.44,0.0,0.0,0.0,614.0,50.0,1772.5714285714287,177978.0957142857,596.8571428571429,0.0
2025-03-21,2233.0,967.0,1721.0,140028.1,6310187.3,923.0,74300.11,247.0,28948.31,320.0,15068.83,70.0,5998.74,41.0,4618.31,0.0,0.0,0.0,564.0,45.0,1748.5714285714287,169324.51714285716,596.2857142857143,0.0
2025-03-22,2055.0,805.0,1603.0,113588.97,180164.77,839.0,43134.91,275.0,30537.88,254.0,19975.44,81.0,5065.49,19.0,4050.33,0.0,0.0,0.0,444.0,34.0,1751.2857142857142,161209.99000000002,583.5714285714286,0.0
2025-03-23,2057.0,896.0,1501.0,124020.8,187848.89,824.0,58261.49,234.0,22569.19,190.0,20213.96,81.0,8190.26,42.0,4485.95,0.0,0.0,0.0,526.0,33.0,1757.4285714285713,156617.80428571426,571.0,0.0
2025-03-24,2209.0,969.0,1661.0,154445.7,429079.2,917.0,63894.84,262.0,29691.19,276.0,25422.79,83.0,9210.8,25.0,15128.71,0.0,0.0,0.0,545.0,56.0,1704.857142857143,151889.06285714285,557.5714285714286,0.0
2025-03-25,2412.0,1038.0,1787.0,169556.73,526001.92,1025.0,81609.05,255.0,38434.51,268.0,19515.24,85.0,6732.68,45.0,12343.88,0.0,0.0,0.0,636.0,55.0,1692.0,147609.6342857143,563.7142857142857,0.0
2025-03-26,2538.0,1036.0,1774.0,189951.58,278581.65,1037.0,96474.62,268.0,38385.51,233.0,26851.57,73.0,9405.54,36.0,6706.53,0.0,0.0,0.0,578.0,40.0,1690.2857142857142,152702.0442857143,558.1428571428571,0.0
2025-03-27,2659.0,1035.0,2086.0,173598.99,384793.95,1237.0,82179.6,322.0,39713.77,301.0,27849.13,101.0,9957.84,16.0,2187.75,0.0,0.0,0.0,595.0,34.0,1733.2857142857142,152170.1242857143,555.4285714285714,0.0
2025-03-28,2503.0,1104.0,1965.0,347931.58,440044.96,1151.0,94646.71,233.0,53878.57,351.0,25918.2,77.0,10429.16,18.0,4767.53,0.0,0.0,0.0,640.0,50.0,1768.142857142857,181870.62142857144,566.2857142857143,0.0
2025-03-29,2263.0,930.0,1757.0,249603.09,533590.67,938.0,84103.45,266.0,30471.18,264.0,27746.05,142.0,15881.2,23.0,5073.94,0.0,0.0,0.0,511.0,35.0,1790.142857142857,201301.21,575.8571428571429,0.0
2025-03-30,2003.0,915.0,1496.0,141041.55,213032.39,851.0,61690.74,223.0,37161.13,199.0,18256.52,102.0,8583.65,28.0,5355.74,0.0,0.0,0.0,532.0,36.0,1789.4285714285713,203732.7457142857,576.7142857142857,0.0
2025-03-31,2364.0,1064.0,1819.0,213903.59,714206.42,1026.0,80973.59,281.0,46178.79,239.0,33669.34,104.0,9779.04,44.0,9997.88,0.0,0.0,0.0,620.0,43.0,1812.0,212226.73,587.4285714285714,0.0
2025-04-01,2271.0,998.0,1790.0,153848.05,35050284.31,990.0,71401.17,320.0,27547.61,235.0,25469.09,102.0,9923.74,28.0,5600.87,0.0,0.0,0.0,545.0,49.0,1812.4285714285713,209982.6328571429,574.4285714285714,0.0
2025-04-02,2111.0,959.0,1615.0,174040.67,1981737.24,945.0,97413.23,233.0,25608.08,226.0,21839.43,73.0,8640.79,23.0,5069.23,0.0,0.0,0.0,517.0,35.0,1789.7142857142858,207709.64571428573,565.7142857142857,0.0
2025-04-03,2566.0,1015.0,1979.0,157269.63,218691.91,1245.0,75305.28,266.0,35045.52,227.0,18151.22,102.0,9147.46,28.0,6458.66,0.0,0.0,0.0,544.0,37.0,1774.4285714285713,205376.87999999998,558.4285714285714,0.0
2025-04-04,2569.0,978.0,1978.0,163277.83,243811.15,1248.0,71876.67,217.0,32141.47,251.0,23225.65,121.0,13659.5,31.0,6447.75,0.0,0.0,0.0,509.0,46.0,1776.2857142857142,178997.77285714285,539.7142857142857,0.0
2025-04-05,2283.0,910.0,1668.0,189490.93,335226.26,947.0,66224.33,238.0,51772.21,225.0,35355.84,92.0,13284.26,17.0,7434.09,0.0,0.0,0.0,514.0,37.0,1763.5714285714287,170410.32142857142,540.1428571428571,0.0
2025-04-06,2147.0,986.0,1653.0,159852.75,588160.68,923.0,63304.73,248.0,50511.14,155.0,16318.64,147.0,11403.97,25.0,4198.45,0.0,0.0,0.0,560.0,30.0,1786.0,173097.63571428572,544.1428571428571,0.0
2025-04-07,2755.0,1115.0,2142.0,177397.38,988985.68,1256.0,81077.37,364.0,44410.66,231.0,25291.25,124.0,9489.03,21.0,3056.5,0.0,0.0,0.0,636.0,36.0,1832.142857142857,167882.46285714285,546.4285714285714,0.0
2025-04-08,2720.0,1088.0,2143.0,176719.41,264689.87,1248.0,88205.39,335.0,37201.49,304.0,20377.16,95.0,7124.44,30.0,4105.82,0.0,0.0,0.0,625.0,50.0,1882.5714285714287,171149.80000000002,557.8571428571429,0.0
2025-04-09,2977.0,1078.0,2365.0,207690.43,514267.62,1443.0,89994.96,323.0,57849.6,244.0,18632.67,115.0,11078.73,40.0,7789.97,0.0,0.0,0.0,602.0,45.0,1989.7142857142858,175956.90857142856,570.0,0.0
2025-04-10,2818.0,1159.0,2121.0,207092.36,311975.34,1321.0,96381.35,267.0,45422.71,270.0,37771.39,125.0,12546.31,16.0,3156.91,0.0,0.0,0.0,660.0,37.0,2010.0,183074.44142857144,586.5714285714286,0.0
2025-04-11,2711.0,1182.0,2093.0,198901.59,289194.65,1340.0,110438.89,270.0,29119.14,236.0,21689.06,111.0,19335.36,19.0,4588.64,0.0,0.0,0.0,682.0,44.0,2026.4285714285713,188163.55000000002,611.2857142857143,0.0
2025-04-12,2502.0,1074.0,1859.0,175365.56,501481.15,1062.0,70788.64,253.0,46796.23,255.0,18370.93,122.0,15406.08,34.0,8594.22,0.0,0.0,0.0,584.0,41.0,2053.714285714286,186145.63999999998,621.2857142857143,0.0
2025-04-13,2637.0,1062.0,1971.0,155079.17,258071.71,1212.0,60870.81,217.0,46231.17,214.0,17030.08,113.0,7702.34,29.0,6641.81,0.0,0.0,0.0,608.0,37.0,2099.1428571428573,185463.7,628.1428571428571,0.0
2025-04-14,2803.0,1119.0,2241.0,240758.52,314133.76,1357.0,85622.9,313.0,58496.93,305.0,29428.17,109.0,8034.45,32.0,48191.52,0.0,0.0,0.0,568.0,37.0,2113.285714285714,194515.29142857142,618.4285714285714,0.0
2025-04-15,2926.0,1126.0,2347.0,195697.27,304744.84,1474.0,97584.21,290.0,38868.16,286.0,31507.43,155.0,8806.3,28.0,8188.03,0.0,0.0,0.0,609.0,42.0,2142.4285714285716,197226.41428571427,616.1428571428571,0.0
2025-04-16,2407.0,1021.0,1836.0,192161.27,313143.17,1081.0,110395.22,311.0,26952.0,221.0,23254.59,96.0,8459.5,24.0,13413.37,0.0,0.0,0.0,502.0,24.0,2066.8571428571427,195007.96285714285,601.8571428571429,0.0
2025-04-17,2532.0,1077.0,1966.0,170771.32,629936.19,1177.0,76056.14,248.0,34343.07,217.0,24773.15,167.0,12192.24,24.0,6267.2,0.0,0.0,0.0,549.0,41.0,2044.7142857142858,189819.24285714285,586.0,0.0
2025-04-18,2801.0,1112.0,2160.0,217038.86,3530795.06,1255.0,97319.9,271.0,41675.91,255.0,20530.37,201.0,19626.79,22.0,19432.19,0.0,0.0,0.0,579.0,51.0,2054.285714285714,192410.28142857138,571.2857142857143,0.0
2025-04-19,2217.0,927.0,1692.0,145908.68,817309.37,997.0,72368.93,258.0,32503.59,191.0,12319.87,103.0,8064.25,33.0,8114.44,0.0,0.0,0.0,489.0,30.0,2030.4285714285713,188202.15571428573,557.7142857142857,0.0
2025-04-20,2315.0,946.0,1801.0,135856.85,199581.27,1179.0,66826.5,197.0,32083.5,158.0,8684.09,111.0,5818.44,21.0,8669.36,0.0,0.0,0.0,524.0,36.0,2006.142857142857,185456.10999999996,545.7142857142857,0.0
2025-04-21,2740.0,1144.0,2099.0,170276.0,405455.19,1293.0,78051.08,260.0,32271.06,224.0,16678.05,159.0,14241.96,35.0,9082.13,0.0,0.0,0.0,636.0,50.0,1985.857142857143,175387.17857142858,555.4285714285714,0.0
2025-04-22,2918.0,1185.0,2307.0,180565.85,337321.03,1400.0,77100.27,356.0,40947.43,237.0,17532.64,130.0,16823.15,21.0,7427.8,0.0,0.0,0.0,630.0,37.0,1980.142857142857,173225.54714285716,558.4285714285714,0.0
2025-04-23,3090.0,1133.0,2337.0,202234.5,290581.53,1518.0,111611.36,324.0,34966.33,242.0,16758.74,110.0,9352.17,37.0,9943.62,0.0,0.0,0.0,604.0,49.0,2051.714285714286,174664.58000000002,573.0,0.0
2025-04-24,2851.0,1168.0,2229.0,256058.26,689421.57,1444.0,158075.87,310.0,39050.34,223.0,19937.73,102.0,16681.49,38.0,11630.57,0.0,0.0,0.0,608.0,50.0,2089.285714285714,186848.42857142858,581.4285714285714,0.0
2025-04-25,2924.0,1184.0,2211.0,164692.06,442895.24,1432.0,86908.84,269.0,30485.7,228.0,17965.17,107.0,7225.75,39.0,5708.22,0.0,0.0,0.0,607.0,55.0,2096.5714285714284,179370.31428571427,585.4285714285714,0.0
2025-04-26,2729.0,1090.0,2048.0,163417.07,260980.75,1288.0,83050.35,285.0,29645.64,189.0,12799.9,138.0,14997.07,27.0,8203.95,0.0,0.0,0.0,575.0,46.0,2147.4285714285716,181871.51285714286,597.7142857142857,0.0
2025-04-27,3006.0,1135.0,2251.0,218279.53,534215.47,1411.0,68504.11,298.0,35153.57,202.0,13281.96,144.0,17375.71,52.0,11433.5,0.0,0.0,0.0,615.0,35.0,2211.714285714286,193646.18142857144,610.7142857142857,0.0
2025-04-28,3388.0,1176.0,2613.0,183908.2,252845.82,1703.0,86660.42,311.0,28168.07,300.0,20772.08,110.0,9545.35,32.0,17148.03,0.0,0.0,0.0,642.0,33.0,2285.1428571428573,195593.63857142857,611.5714285714286,0.0
2025-04-29,3128.0,1125.0,2530.0,189258.22,542581.84,1704.0,94757.8,281.0,26509.49,241.0,27077.98,116.0,8879.56,58.0,14786.09,0.0,0.0,0.0,610.0,34.0,2317.0,196835.40571428573,608.7142857142857,0.0
2025-04-30,3148.0,1159.0,2504.0,206209.77,1301762.73,1697.0,101732.27,263.0,51857.08,222.0,19411.67,164.0,12366.42,26.0,3579.8,0.0,0.0,0.0,592.0,42.0,2340.8571428571427,197403.3014285714,607.0,0.0
2025-05-01,2849.0,1052.0,2301.0,169576.18,264745.73,1445.0,66681.01,326.0,37372.99,201.0,16608.13,119.0,10909.5,32.0,11353.63,0.0,0.0,0.0,544.0,28.0,2351.1428571428573,185048.7185714286,597.8571428571429,0.0
2025-05-02,3021.0,1050.0,2353.0,169620.04,343993.34,1491.0,77244.48,298.0,29424.16,214.0,22679.13,162.0,13416.6,18.0,6195.3,0.0,0.0,0.0,534.0,34.0,2371.4285714285716,185752.7157142857,587.4285714285714,0.0
2025-05-03,2732.0,1105.0,2042.0,129801.11,206186.89,1295.0,54079.36,279.0,29969.89,169.0,9623.36,165.0,11170.06,32.0,10349.78,0.0,0.0,0.0,604.0,26.0,2370.5714285714284,180950.43571428573,591.5714285714286,0.0
2025-05-04,2961.0,1124.0,2257.0,154540.84,3445599.74,1419.0,54990.7,266.0,40280.83,208.0,10115.41,175.0,19022.11,36.0,6271.63,0.0,0.0,0.0,610.0,49.0,2371.4285714285716,171844.90857142856,590.8571428571429,0.0
2025-05-05,3437.0,1227.0,2719.0,162289.27,311136.41,1810.0,77833.25,293.0,32976.28,271.0,17706.31,166.0,16126.32,30.0,4734.55,0.0,0.0,0.0,641.0,35.0,2386.5714285714284,168756.49,590.7142857142857,0.0
2025-05-06,3374.0,1151.0,2675.0,173905.6,263819.79,1775.0,60700.65,344.0,55764.05,233.0,19941.69,160.0,18279.7,41.0,7853.4,0.0,0.0,0.0,567.0,38.0,2407.285714285714,166563.25857142857,584.5714285714286,0.0
2025-05-07,3389.0,1189.0,2737.0,178312.75,265279.07,1760.0,82102.41,359.0,46020.8,289.0,14818.19,129.0,7496.02,33.0,6705.94,0.0,0.0,0.0,593.0,32.0,2440.5714285714284,162577.97,584.7142857142857,0.0
2025-05-08,3277.0,1108.0,2582.0,174063.0,719374.84,1781.0,77377.9,290.0,50802.11,218.0,20223.35,113.0,8625.83,25.0,2667.84,0.0,0.0,0.0,523.0,48.0,2480.714285714286,163218.94428571427,581.7142857142857,0.0
2025-05-09,2768.0,997.0,2158.0,130405.86,399852.69,1441.0,41428.17,184.0,24258.14,253.0,29225.86,111.0,13884.61,22.0,6004.39,0.0,0.0,0.0,512.0,30.0,2452.8571428571427,157616.91857142857,578.5714285714286,0.0
2025-05-10,2906.0,1172.0,2239.0,162953.16,8836427.33,1352.0,65970.43,265.0,35274.46,224.0,20571.13,180.0,9496.52,49.0,14150.22,0.0,0.0,0.0,654.0,40.0,2481.0,162352.92571428572,585.7142857142857,0.0
2025-05-11,3198.0,1199.0,2427.0,146813.89,778788.83,1580.0,50824.06,255.0,32193.08,248.0,22221.3,159.0,10164.32,32.0,18083.31,0.0,0.0,0.0,633.0,50.0,2505.285714285714,161249.07571428572,589.0,0.0
2025-05-12,3411.0,1271.0,2651.0,189605.42,346044.76,1730.0,94318.65,317.0,54639.65,308.0,18532.17,138.0,6408.46,29.0,5629.56,0.0,0.0,0.0,664.0,38.0,2495.5714285714284,165151.38285714286,592.2857142857143,0.0
2025-05-13,3605.0,1310.0,2758.0,195534.22,353978.33,1767.0,88753.75,385.0,52774.46,267.0,17624.92,154.0,7871.94,34.0,9335.78,0.0,0.0,0.0,696.0,37.0,2507.4285714285716,168241.18571428573,610.7142857142857,0.0
2025-05-14,3620.0,1310.0,2854.0,192686.16,615143.66,1971.0,84424.54,342.0,46592.7,254.0,22465.06,132.0,10370.32,37.0,8328.07,0.0,0.0,0.0,682.0,43.0,2524.1428571428573,170294.53,623.4285714285714,0.0
2025-05-15,3589.0,1317.0,2796.0,193453.28,335894.73,1912.0,109591.98,294.0,38433.14,251.0,13547.72,149.0,7278.53,29.0,10007.06,0.0,0.0,0.0,690.0,53.0,2554.714285714286,173064.57,647.2857142857143,0.0
2025-05-16,3251.0,1252.0,2492.0,212147.06,541734.22,1633.0,118197.41,298.0,26302.28,231.0,21126.15,110.0,11115.69,43.0,20380.94,0.0,0.0,0.0,620.0,40.0,2602.4285714285716,184741.88428571427,662.7142857142857,0.0
2025-05-17,3024.0,1106.0,2328.0,184440.49,15282718.12,1616.0,102123.48,190.0,22938.66,194.0,16130.02,131.0,17288.86,59.0,12292.45,0.0,0.0,0.0,601.0,56.0,2615.1428571428573,187811.50285714286,655.1428571428571,0.0
2025-05-18,3228.0,1173.0,2390.0,164822.36,434936.07,1626.0,84593.59,227.0,28436.99,252.0,18073.72,139.0,10645.84,21.0,9116.3,0.0,0.0,0.0,674.0,42.0,2609.8571428571427,190384.1414285714,661.0,0.0
2025-05-19,3703.0,1280.0,2327.0,201527.67,481556.15,1554.0,105520.28,267.0,31387.92,230.0,16772.07,119.0,9387.11,23.0,5893.6,0.0,0.0,0.0,652.0,55.0,2563.5714285714284,192087.32,659.2857142857143,0.0
2025-05-20,3069.0,1199.0,2447.0,182190.93,325726.48,1546.0,92492.62,340.0,40009.55,285.0,23803.71,96.0,6228.28,19.0,2351.75,0.0,0.0,0.0,535.0,51.0,2519.1428571428573,190181.13571428572,636.2857142857143,0.0
2025-05-21,3646.0,1260.0,2918.0,202593.08,350757.74,1818.0,99823.11,398.0,37299.16,357.0,31920.25,163.0,12594.32,35.0,4382.1,0.0,0.0,0.0,622.0,40.0,2528.285714285714,191596.41,627.7142857142857,0.0
2025-05-22,3318.0,1272.0,2596.0,281976.3,2099328.24,1735.0,155161.1,351.0,59760.92,214.0,24801.88,127.0,10025.79,42.0,11516.33,0.0,0.0,0.0,597.0,39.0,2499.714285714286,204242.55571428573,614.4285714285714,0.0
2025-05-23,2912.0,1103.0,2355.0,207209.78,348101.99,1564.0,127515.51,314.0,37582.02,228.0,17772.18,106.0,6574.07,27.0,4669.35,0.0,0.0,0.0,508.0,29.0,2480.1428571428573,203537.22999999998,598.4285714285714,0.0
2025-05-24,2496.0,996.0,1964.0,133950.79,405797.17,1213.0,64714.8,298.0,31133.26,186.0,12192.0,96.0,7325.24,38.0,5259.32,0.0,0.0,0.0,498.0,23.0,2428.1428571428573,196324.41571428571,583.7142857142857,0.0
2025-05-25,2778.0,1048.0,2156.0,159736.61,305904.8,1356.0,71050.0,319.0,45068.02,225.0,16549.81,139.0,11432.52,20.0,1878.93,0.0,0.0,0.0,517.0,39.0,2394.714285714286,195597.87999999998,561.2857142857143,0.0
2025-05-26,3243.0,1225.0,2530.0,197743.57,1217603.22,1581.0,93099.09,403.0,56761.62,254.0,20682.31,141.0,8561.42,28.0,6602.36,0.0,0.0,0.0,619.0,34.0,2423.714285714286,195057.2942857143,556.5714285714286,0.0
2025-05-27,3106.0,1232.0,2421.0,242108.87,477850.61,1521.0,118684.78,358.0,64496.98,255.0,22104.12,126.0,19778.23,34.0,4291.97,0.0,0.0,0.0,587.0,43.0,2420.0,203617.0,564.0,0.0
2025-05-28,3783.0,1256.0,2865.0,197695.56,371299.52,1957.0,98946.62,370.0,55814.5,252.0,14538.94,142.0,9095.96,16.0,4690.02,0.0,0.0,0.0,603.0,37.0,2412.4285714285716,202917.35428571427,561.2857142857143,0.0
2025-05-29,3386.0,1175.0,2574.0,203724.92,331071.24,1755.0,98226.69,334.0,54134.36,259.0,18244.73,102.0,10717.72,27.0,9843.22,0.0,0.0,0.0,555.0,35.0,2409.285714285714,191738.58571428573,555.2857142857143,0.0
2025-05-30,3850.0,1189.0,3027.0,185343.36,270704.68,1999.0,81344.06,378.0,43663.88,350.0,26303.29,130.0,11115.98,50.0,7379.51,0.0,0.0,0.0,549.0,33.0,2505.285714285714,188614.81142857144,561.1428571428571,0.0
2025-05-31,3116.0,1133.0,2394.0,177876.74,324663.1,1667.0,82274.02,293.0,35553.72,232.0,27166.91,81.0,12165.89,20.0,4164.42,0.0,0.0,0.0,566.0,34.0,2566.714285714286,194889.94714285716,570.8571428571429,0.0
2025-06-01,3309.0,1116.0,2494.0,178927.65,302788.22,1726.0,77781.1,341.0,46687.55,223.0,21911.9,105.0,8715.78,18.0,8641.95,0.0,0.0,0.0,578.0,28.0,2615.0,197631.5242857143,579.5714285714286,0.0
2025-06-02,3400.0,1230.0,2579.0,170975.12,356750.04,1682.0,73965.4,345.0,33932.99,249.0,17578.19,147.0,10164.32,37.0,19828.21,0.0,0.0,0.0,588.0,32.0,2622.0,193807.46000000002,575.1428571428571,0.0
2025-06-03,3679.0,1288.0,2843.0,223749.3,397283.82,1928.0,103765.72,324.0,42765.74,305.0,21816.59,143.0,13179.07,26.0,20951.0,0.0,0.0,0.0,654.0,37.0,2682.285714285714,191184.66428571427,584.7142857142857,0.0
2025-06-04,3601.0,1275.0,2744.0,231172.09,446289.06,1857.0,112040.19,384.0,76047.7,248.0,18298.3,134.0,9509.86,27.0,5532.28,0.0,0.0,0.0,628.0,41.0,2665.0,195967.0257142857,588.2857142857143,0.0
2025-06-05,3477.0,1254.0,2762.0,215102.29,323308.59,1733.0,104049.14,458.0,50357.33,262.0,17277.39,133.0,14206.99,33.0,9773.26,0.0,0.0,0.0,589.0,37.0,2691.8571428571427,197592.36428571428,593.1428571428571,0.0
2025-06-06,3195.0,1058.0,2560.0,182132.77,27796179.84,1722.0,89858.16,400.0,29862.16,211.0,32437.18,104.0,9247.83,29.0,12192.66,0.0,0.0,0.0,446.0,25.0,2625.1428571428573,197133.70857142858,578.4285714285714,0.0
2025-06-07,2744.0,953.0,2187.0,141835.73,535887.13,1496.0,57878.65,263.0,45725.16,201.0,16576.55,107.0,8559.11,31.0,4071.33,0.0,0.0,0.0,422.0,23.0,2595.5714285714284,191984.99285714285,557.8571428571429,0.0
2025-06-08,2910.0,1084.0,2260.0,180862.23,260217.61,1445.0,66046.77,344.0,58850.13,198.0,18179.05,135.0,10871.28,27.0,16654.72,0.0,0.0,0.0,571.0,38.0,2562.1428571428573,192261.36142857143,556.8571428571429,0.0
2025-06-09,3123.0,1169.0,2512.0,209594.56,317522.6,1627.0,78432.95,383.0,57092.95,230.0,34463.55,117.0,12651.8,26.0,13642.71,0.0,0.0,0.0,556.0,35.0,2552.5714285714284,197778.4242857143,552.2857142857143,0.0
2025-06-10,3555.0,1214.0,2379.0,163893.32,562247.79,1543.0,66973.84,271.0,25941.5,275.0,27566.67,128.0,18160.24,37.0,15974.12,0.0,0.0,0.0,632.0,39.0,2486.285714285714,189227.57,549.1428571428571,0.0
2025-06-11,3031.0,1056.0,2354.0,157429.67,284529.16,1559.0,74691.29,344.0,42725.56,246.0,15209.52,80.0,8868.44,27.0,4834.67,0.0,0.0,0.0,460.0,37.0,2430.5714285714284,178692.9385714286,525.1428571428571,0.0
2025-06-12,3343.0,1179.0,2671.0,186752.83,299501.02,1795.0,81032.63,330.0,34728.8,226.0,19489.76,153.0,21358.88,35.0,16148.2,0.0,0.0,0.0,564.0,42.0,2417.5714285714284,174643.0157142857,521.5714285714286,0.0
2025-06-13,3132.0,1127.0,2470.0,179937.35,2486645.07,1634.0,90527.32,342.0,36278.26,229.0,20507.03,121.0,10601.2,35.0,6670.62,0.0,0.0,0.0,569.0,29.0,2404.714285714286,174329.38428571427,539.1428571428571,0.0
2025-06-14,2934.0,1099.0,2352.0,172195.17,246288.03,1448.0,81149.29,357.0,36264.02,201.0,20119.38,170.0,11450.7,40.0,7136.63,0.0,0.0,0.0,552.0,24.0,2428.285714285714,178666.44714285716,557.7142857142857,0.0
2025-06-15,3023.0,1063.0,2431.0,161278.45,2488329.27,1557.0,75898.19,345.0,38188.03,211.0,18308.13,151.0,9715.89,33.0,3339.49,0.0,0.0,0.0,506.0,26.0,2452.714285714286,175868.7642857143,548.4285714285714,0.0
2025-06-16,3590.0,1226.0,2849.0,207062.85,327162.66,2009.0,102319.38,296.0,59509.02,236.0,19844.72,154.0,8730.25,24.0,5560.3,0.0,0.0,0.0,643.0,26.0,2500.8571428571427,175507.09142857144,560.8571428571429,0.0
2025-06-17,4034.0,1357.0,3075.0,264356.29,1598234.02,2104.0,145230.44,370.0,39237.01,283.0,29735.17,160.0,13255.44,26.0,8434.15,0.0,0.0,0.0,637.0,37.0,2600.285714285714,189858.94428571427,561.5714285714286,0.0
2025-06-18,3850.0,1234.0,2738.0,261279.21,448507.09,1930.0,167246.78,283.0,37481.19,206.0,21594.34,188.0,11699.45,22.0,1624.73,0.0,0.0,0.0,552.0,37.0,2655.1428571428573,204694.59285714288,574.7142857142857,0.0
2025-06-19,3906.0,1251.0,2685.0,215794.31,407879.0,1855.0,127048.09,316.0,33973.44,186.0,23945.77,191.0,14294.22,28.0,3861.24,54.0,4756.0,45.0,580.0,32.0,2657.1428571428573,208843.3757142857,577.0,679.4285714285714
2025-06-20,3557.0,1252.0,2476.0,189070.26,1011012.55,1666.0,99283.88,314.0,39785.6,156.0,12061.0,125.0,7138.66,49.0,13450.83,1244.0,212945.2,768.0,591.0,29.0,2658.0,210148.0771428571,580.1428571428571,31100.17142857143
2025-06-21,3226.0,1073.0,2282.0,175881.38,1182101.27,1566.0,88192.74,239.0,31775.08,161.0,17101.86,120.0,10312.17,58.0,8092.63,1145.0,177234.0,670.0,525.0,19.0,2648.0,210674.67857142858,576.2857142857143,56419.31428571429
2025-06-22,3670.0,1184.0,2729.0,230677.07,348208.62,1785.0,107605.92,399.0,52706.08,186.0,21687.25,131.0,14656.01,57.0,4840.31,1521.0,235838.78,827.0,581.0,30.0,2690.5714285714284,220588.76714285716,587.0,90110.56857142856
2025-06-23,3798.0,1274.0,2707.0,204090.52,346436.62,1810.0,83711.41,342.0,43103.25,240.0,18704.91,162.0,12318.16,45.0,24544.94,970.0,162697.0,631.0,573.0,42.0,2670.285714285714,220164.14857142858,577.0,113352.99714285714
2025-06-24,3984.0,1288.0,3247.0,231762.19,341361.54,2210.0,101877.46,375.0,69838.75,265.0,26135.41,151.0,9086.88,39.0,9300.22,1534.0,251063.5,875.0,521.0,25.0,2694.8571428571427,215507.84857142856,560.4285714285714,149219.21142857143
2025-06-25,3233.0,1200.0,2494.0,189001.95,421222.52,1590.0,73222.05,322.0,56286.2,261.0,27905.88,126.0,8431.25,37.0,8553.75,1376.0,210287.0,857.0,514.0,28.0,2660.0,205182.5257142857,555.0,179260.21142857143
2025-06-26,3499.0,1232.0,2789.0,194475.54,380411.23,1912.0,82643.85,333.0,46998.18,250.0,20457.58,103.0,5624.94,52.0,19304.76,1467.0,229632.56,855.0,511.0,27.0,2674.8571428571427,202136.98714285716,545.1428571428571,211385.4342857143
2025-06-27,3312.0,1170.0,2618.0,192365.12,337864.01,1779.0,91664.06,281.0,31741.24,233.0,32253.64,129.0,8102.76,46.0,13042.24,579.0,103631.5,368.0,481.0,22.0,2695.1428571428573,202607.68142857144,529.4285714285714,195769.19142857144
2025-06-28,2727.0,972.0,2207.0,146491.62,274113.47,1367.0,52616.61,267.0,29875.6,314.0,24688.09,107.0,15651.1,23.0,8045.6,855.0,115373.6,498.0,396.0,20.0,2684.4285714285716,198409.14428571428,511.0,186931.99142857143
2025-06-29,2974.0,1052.0,2329.0,135108.77,1164091.54,1660.0,66950.93,243.0,21685.75,186.0,21139.73,100.0,5693.16,30.0,5191.26,1250.0,155487.2,744.0,486.0,35.0,2627.285714285714,184756.53,497.42857142857144,175453.1942857143
2025-06-30,3838.0,1249.0,3018.0,225161.2,404692.89,2095.0,128237.92,347.0,41130.21,256.0,25410.05,115.0,6027.36,36.0,5871.25,1464.0,275314.0,878.0,561.0,30.0,2671.714285714286,187766.62714285712,495.7142857142857,191541.33714285717
2025-07-01,3505.0,1234.0,2735.0,179356.18,18282242.12,1907.0,80141.72,323.0,43412.36,208.0,23544.53,112.0,9797.78,50.0,7594.22,1435.0,218537.9,845.0,562.0,35.0,2598.5714285714284,180280.05428571426,501.57142857142856,186894.82285714286
2025-07-02,3491.0,1212.0,2839.0,152339.96,299608.83,1873.0,64060.8,331.0,32523.19,251.0,15962.29,165.0,8691.66,40.0,7139.83,1236.0,181298.6,740.0,528.0,38.0,2647.8571428571427,175042.62714285712,503.57142857142856,182753.62285714288
2025-07-03,3467.0,1156.0,2802.0,174206.39,380930.73,2022.0,82372.22,346.0,38451.02,194.0,19357.63,102.0,10766.22,36.0,12008.97,878.0,142712.0,545.0,437.0,29.0,2649.714285714286,172147.0342857143,493.0,170336.4
2025-07-04,3123.0,1086.0,2479.0,201447.32,437668.2,1663.0,75937.09,312.0,53616.73,225.0,21657.18,99.0,8481.49,72.0,28874.88,1202.0,220555.0,734.0,436.0,30.0,2629.8571428571427,173444.49142857143,486.57142857142856,187039.75714285715
2025-07-05,2621.0,1001.0,1967.0,133864.42,270588.6,1251.0,62717.1,263.0,25242.61,235.0,22926.52,93.0,10016.55,36.0,4686.06,1182.0,167839.0,687.0,466.0,25.0,2595.5714285714284,171640.60571428575,496.57142857142856,194534.81428571432
2025-07-06,2715.0,1069.0,2110.0,155964.46,273909.16,1329.0,52812.21,282.0,35633.91,224.0,27104.23,132.0,19820.34,37.0,7477.63,1172.0,171956.0,741.0,502.0,22.0,2564.285714285714,174619.99000000002,498.85714285714283,196887.5
2025-07-07,2994.0,1159.0,2370.0,164061.92,742174.86,1658.0,76647.83,309.0,38877.1,168.0,28670.54,112.0,7239.49,19.0,1625.91,1248.0,197835.6,771.0,519.0,32.0,2471.714285714286,165891.5214285714,492.85714285714283,185819.15714285712
2025-07-08,4073.0,1365.0,3185.0,221569.17,1206897.26,2215.0,116299.45,398.0,37952.27,247.0,30856.53,165.0,15065.52,53.0,6081.79,1639.0,281491.0,928.0,650.0,55.0,2536.0,171921.9485714286,505.42857142857144,194812.45714285717
2025-07-09,3447.0,1232.0,2747.0,191623.96,488747.41,1801.0,93618.51,307.0,29516.1,277.0,22983.53,163.0,12300.17,69.0,16586.45,1418.0,222586.0,848.0,563.0,34.0,2522.8571428571427,177533.9485714286,510.42857142857144,200710.65714285715
2025-07-10,3167.0,1140.0,2489.0,183064.19,297537.38,1695.0,93712.97,303.0,31979.01,220.0,31297.12,119.0,13359.99,40.0,3511.29,1354.0,204693.8,775.0,522.0,26.0,2478.1428571428573,178799.34857142856,522.5714285714286,209565.19999999998
2025-07-11,3259.0,1145.0,2578.0,195126.17,464775.78,1782.0,93419.28,338.0,42125.72,200.0,23666.3,114.0,12427.56,45.0,8203.88,595.0,97075.6,357.0,530.0,32.0,2492.285714285714,177896.32714285716,536.0,191925.2857142857
2025-07-12,2956.0,1029.0,2364.0,150364.82,685179.2,1604.0,47496.71,282.0,32034.03,212.0,32522.97,144.0,15978.61,35.0,3394.32,0.0,0.0,0.0,451.0,31.0,2549.0,180253.52714285714,533.8571428571429,167948.2857142857
2025-07-13,2990.0,1040.0,2390.0,146434.39,406250.92,1571.0,59704.72,292.0,30140.83,261.0,21727.31,136.0,12835.81,26.0,3093.69,143.0,12104.2,94.0,483.0,31.0,2589.0,178892.08857142858,531.1428571428571,145112.31428571427
2025-07-14,3412.0,1115.0,2760.0,187366.52,3641890.85,1886.0,88369.77,405.0,41779.28,239.0,25181.83,94.0,9651.0,41.0,5193.57,1084.0,163674.72,587.0,482.0,33.0,2644.714285714286,182221.31714285718,525.8571428571429,140232.1885714286
2025-07-15,3472.0,1187.0,2604.0,183731.39,382028.26,1783.0,84012.62,314.0,42416.14,250.0,34665.43,135.0,9802.45,21.0,2607.48,1342.0,225918.5,804.0,522.0,33.0,2561.714285714286,176815.91999999998,507.57142857142856,132293.26
2025-07-16,3947.0,1194.0,3261.0,201968.16,8010294.8,2408.0,93022.77,369.0,49894.67,251.0,31622.01,110.0,7796.84,34.0,5020.1,1655.0,223796.2,814.0,512.0,33.0,2635.1428571428573,178293.6628571429,500.2857142857143,132466.14571428573
2025-07-17,3357.0,1167.0,2773.0,199862.22,1395484.91,1907.0,92308.99,361.0,42146.92,250.0,31089.4,110.0,8934.53,37.0,9965.57,908.0,156209.0,507.0,495.0,21.0,2675.714285714286,180693.38142857145,496.42857142857144,125539.74571428572
2025-07-18,3357.0,1132.0,2787.0,182324.41,300658.22,1989.0,93661.13,281.0,35038.11,236.0,27107.07,134.0,9961.61,27.0,2954.34,1351.0,214186.2,758.0,480.0,28.0,2705.5714285714284,178864.55857142856,489.2857142857143,142269.83142857143
2025-07-19,3197.0,1007.0,2651.0,166290.78,235818.98,1821.0,87060.25,292.0,31725.19,241.0,25104.26,190.0,13912.34,19.0,1884.46,1273.0,175712.8,702.0,425.0,20.0,2746.5714285714284,181139.69571428574,485.57142857142856,167371.66
2025-07-20,3110.0,1080.0,2582.0,153284.09,256251.38,1765.0,71722.69,316.0,36441.37,211.0,20917.78,137.0,8228.14,19.0,2175.24,1322.0,172364.0,735.0,451.0,16.0,2774.0,182118.2242857143,481.0,190265.91714285713
2025-07-21,3744.0,1183.0,3084.0,179447.08,894716.24,2062.0,76349.42,421.0,47081.67,264.0,28925.01,171.0,9836.32,43.0,7266.28,1066.0,167765.0,623.0,503.0,44.0,2820.285714285714,180986.8757142857,484.0,190850.24285714288
2025-07-22,3396.0,1157.0,2830.0,188439.16,330623.36,2014.0,77707.58,326.0,35624.6,226.0,27407.29,133.0,7746.46,16.0,19273.54,1158.0,188145.0,704.0,469.0,28.0,2852.5714285714284,181659.4142857143,476.42857142857144,185454.0285714286
2025-07-23,3680.0,1216.0,3082.0,193235.82,506271.94,2238.0,103276.84,348.0,41598.46,225.0,24244.69,101.0,5746.6,28.0,4359.66,697.0,111904.0,433.0,511.0,23.0,2827.0,180411.93714285712,476.2857142857143,169469.42857142858
2025-07-24,3742.0,1211.0,3116.0,274197.77,2230861.67,2187.0,94479.75,342.0,51338.67,325.0,106619.13,145.0,9462.28,27.0,3656.89,933.0,174822.0,560.0,531.0,41.0,2876.0,191031.3014285714,481.42857142857144,172128.42857142858
2025-07-25,3670.0,1269.0,2835.0,205226.34,563739.53,2026.0,98723.88,318.0,37184.42,232.0,27377.03,109.0,9468.55,49.0,10626.11,1595.0,229120.2,903.0,563.0,33.0,2882.8571428571427,194303.0057142857,493.2857142857143,174261.85714285713
2025-07-26,2955.0,1100.0,2416.0,188328.85,319793.2,1673.0,70777.83,257.0,74000.84,230.0,17945.15,121.0,8572.05,14.0,2100.91,1324.0,209161.6,768.0,453.0,25.0,2849.285714285714,197451.30142857143,497.2857142857143,179040.25714285715
2025-07-27,2813.0,1089.0,2281.0,149429.31,236737.11,1496.0,71972.47,341.0,23594.91,207.0,29250.71,120.0,8895.94,16.0,3614.19,1214.0,165525.8,760.0,483.0,26.0,2806.285714285714,196900.61857142858,501.85714285714283,178063.37142857144
2025-07-28,3485.0,1198.0,2810.0,158739.61,376483.73,2025.0,78252.97,304.0,30211.84,193.0,23251.5,120.0,10266.74,24.0,3587.39,735.0,97435.8,459.0,501.0,33.0,2767.1428571428573,193942.4085714286,501.57142857142856,168016.34285714285
2025-07-29,3353.0,1203.0,2695.0,198738.81,314832.57,1842.0,90640.11,354.0,31661.24,233.0,45671.76,139.0,10028.64,34.0,4194.32,1374.0,235970.0,817.0,482.0,34.0,2747.8571428571427,195413.78714285715,503.42857142857144,174848.4857142857
2025-07-30,3341.0,1189.0,2701.0,216754.82,433334.85,1857.0,119716.37,330.0,47381.84,249.0,22950.84,130.0,7277.09,29.0,6758.75,788.0,109778.0,460.0,486.0,25.0,2693.4285714285716,198773.6442857143,499.85714285714283,174544.7714285714
2025-07-31,3492.0,1232.0,2859.0,234629.62,1301652.04,1993.0,111248.55,404.0,50194.48,209.0,27919.46,121.0,10577.59,22.0,4449.74,1533.0,269983.72,849.0,510.0,32.0,2656.714285714286,193121.05142857143,496.85714285714283,188139.30285714287
2025-08-01,3490.0,1170.0,2767.0,190947.75,2146854.53,1837.0,98651.7,407.0,34577.76,260.0,29295.26,145.0,14176.02,20.0,2544.43,1375.0,224180.2,803.0,464.0,30.0,2647.0,191081.25285714286,482.7142857142857,187433.58857142858
2025-08-02,2908.0,997.0,2362.0,146700.74,1003082.14,1679.0,72293.32,271.0,27644.56,225.0,23355.63,86.0,5872.0,22.0,6271.15,871.0,107191.0,482.0,409.0,24.0,2639.285714285714,185134.37999999998,476.42857142857144,172866.36000000002
2025-08-03,3000.0,1013.0,2489.0,146478.42,357215.5,1713.0,52259.49,282.0,30921.17,234.0,33887.77,133.0,16254.19,30.0,2327.55,1050.0,142483.0,597.0,456.0,27.0,2669.0,184712.82428571428,472.57142857142856,169574.5314285714
2025-08-04,3613.0,1192.0,2784.0,178745.27,398109.64,1979.0,78023.06,360.0,50216.01,200.0,27460.21,121.0,7510.78,17.0,2013.78,1375.0,220227.0,818.0,486.0,30.0,2665.285714285714,187570.7757142857,470.42857142857144,187116.13142857142
2025-08-05,3344.0,1156.0,2738.0,212176.25,342000.55,1862.0,80374.58,333.0,33089.02,239.0,55214.79,171.0,15835.13,18.0,9162.72,1377.0,225680.72,784.0,478.0,38.0,2671.4285714285716,189490.40999999997,469.85714285714283,185646.23428571428
2025-08-06,3447.0,1152.0,2784.0,167390.78,862973.39,1925.0,59687.42,355.0,39801.04,222.0,47972.05,117.0,6548.22,15.0,1778.06,1395.0,190805.6,795.0,457.0,38.0,2683.285714285714,182438.40428571426,465.7142857142857,197221.60571428572
2025-08-07,3240.0,1117.0,2699.0,172200.21,299572.23,1858.0,75404.04,337.0,45714.9,209.0,24791.58,154.0,8634.24,17.0,5556.9,1334.0,207470.78,765.0,452.0,29.0,2660.4285714285716,173519.91714285713,457.42857142857144,188291.18571428573
2025-08-08,3525.0,1176.0,2769.0,179264.45,333434.24,1882.0,85763.22,321.0,39665.09,307.0,34241.93,140.0,6398.14,20.0,1641.04,1391.0,219356.6,801.0,495.0,48.0,2660.714285714286,171850.8742857143,461.85714285714283,187602.10000000003
2025-08-09,2585.0,918.0,1929.0,130136.93,246063.48,1327.0,53847.69,229.0,27320.53,187.0,28417.04,88.0,7769.61,14.0,1588.78,1015.0,164833.1,617.0,420.0,34.0,2598.8571428571427,169484.61571428573,463.42857142857144,195836.68571428573
2025-08-10,2669.0,1003.0,2154.0,172874.43,267072.25,1402.0,59151.65,275.0,52121.33,198.0,33686.58,136.0,14427.38,22.0,1529.05,1199.0,188359.2,704.0,435.0,38.0,2551.0,173255.47428571427,460.42857142857144,202390.42857142858
2025-08-11,3121.0,1175.0,2509.0,215167.41,613178.3,1561.0,80790.69,426.0,75947.06,251.0,30070.37,122.0,12285.53,15.0,2405.99,1368.0,230515.72,824.0,486.0,42.0,2511.714285714286,178458.63714285713,460.42857142857144,203860.24571428573
2025-08-12,3141.0,1234.0,2484.0,284920.07,491010.18,1617.0,135270.82,374.0,53143.91,254.0,42956.72,135.0,11701.35,17.0,1074.74,1454.0,316046.6,887.0,544.0,33.0,2475.4285714285716,188850.6114285714,469.85714285714283,216769.65714285715
2025-08-13,3054.0,1160.0,2378.0,209965.09,811880.22,1528.0,101801.57,368.0,44370.79,275.0,42570.76,118.0,7294.73,11.0,2022.68,686.0,129729.0,441.0,471.0,30.0,2417.4285714285716,194932.6557142857,471.85714285714283,208044.42857142858
2025-08-14,3139.0,1064.0,2524.0,168660.35,310143.69,1618.0,75796.44,354.0,32861.5,233.0,31079.95,173.0,8113.84,21.0,5475.89,1222.0,192323.42,706.0,439.0,22.0,2392.4285714285716,194426.96142857143,470.0,205880.52
2025-08-15,3246.0,1065.0,2739.0,183500.64,4346243.68,1781.0,72522.39,428.0,48700.0,222.0,32497.78,168.0,9372.95,11.0,1479.68,779.0,137230.78,480.0,405.0,28.0,2388.1428571428573,195032.13142857142,457.14285714285717,194148.26
2025-08-16,2632.0,920.0,2133.0,147649.23,268463.48,1385.0,63723.84,331.0,35797.33,215.0,28747.88,101.0,7730.91,13.0,527.49,1025.0,177709.2,594.0,366.0,19.0,2417.285714285714,197533.88857142857,449.42857142857144,195987.70285714284
2025-08-17,2790.0,943.0,2298.0,167864.11,2695629.41,1467.0,76869.67,283.0,31216.67,274.0,24715.69,168.0,10011.15,17.0,5571.01,1173.0,189752.96,646.0,387.0,20.0,2437.8571428571427,196818.1285714286,442.57142857142856,196186.81142857144
2025-08-18,3083.0,1109.0,2553.0,196276.19,304765.48,1694.0,87918.85,316.0,42694.53,276.0,37646.42,142.0,8635.62,21.0,8005.65,1394.0,225947.0,783.0,452.0,35.0,2444.1428571428573,194119.38285714286,437.7142857142857,195534.13714285713
2025-08-19,3140.0,1184.0,2415.0,190925.7,462056.48,1624.0,77556.24,310.0,51540.88,231.0,31554.96,132.0,8953.75,15.0,2462.17,730.0,103264.3,492.0,486.0,41.0,2434.285714285714,180691.6157142857,429.42857142857144,165136.66571428571
2025-08-20,3001.0,1043.0,2472.0,167786.51,330197.85,1709.0,75855.37,265.0,26275.93,276.0,35657.95,116.0,16500.73,6.0,346.9,1182.0,191167.8,731.0,409.0,37.0,2447.714285714286,174666.10428571427,420.57142857142856,173913.63714285713
2025-08-21,3339.0,1115.0,2760.0,182803.2,398360.2,1916.0,75326.75,338.0,29463.11,288.0,41203.27,98.0,8040.62,14.0,15531.7,1427.0,225172.0,790.0,435.0,28.0,2481.4285714285716,176686.51142857145,420.0,178606.29142857142
2025-08-22,3024.0,1107.0,2492.0,176766.95,288833.52,1666.0,74557.16,309.0,34338.86,281.0,39636.38,105.0,10568.94,28.0,6944.12,1265.0,202590.04,770.0,419.0,28.0,2446.1428571428573,175724.55571428573,422.0,187943.32857142857
2025-08-23,2947.0,903.0,2436.0,125832.21,220415.88,1840.0,59634.24,220.0,23024.09,179.0,24505.17,113.0,7545.6,22.0,3432.57,991.0,157754.6,599.0,351.0,22.0,2489.4285714285716,172607.83857142858,419.85714285714283,185092.67142857143
2025-08-24,2356.0,881.0,1902.0,155479.68,30601871668.66,1208.0,48942.12,264.0,67387.23,228.0,19127.06,130.0,10070.48,14.0,4113.49,996.0,183367.6,589.0,345.0,20.0,2432.8571428571427,170838.63428571427,413.85714285714283,184180.47714285715
2025-08-25,3061.0,1038.0,2485.0,182456.88,289375.08,1742.0,79323.97,341.0,31836.57,227.0,34755.37,107.0,4149.3,18.0,12869.43,1148.0,213449.0,679.0,394.0,25.0,2423.1428571428573,168864.44714285716,405.57142857142856,182395.04857142858
2025-08-26,3056.0,1042.0,2612.0,165347.65,281232.27,1809.0,64004.04,341.0,44297.53,227.0,27454.08,144.0,16437.09,29.0,7875.85,1178.0,192408.0,688.0,408.0,17.0,2451.285714285714,165210.44,394.42857142857144,195129.86285714287
2025-08-27,3077.0,1039.0,2615.0,178952.44,330154.96,1788.0,99454.76,354.0,37196.97,213.0,17128.61,159.0,9884.03,21.0,5539.54,0.0,0.0,0.0,352.0,16.0,2471.714285714286,166805.57285714286,386.2857142857143,167820.17714285714
2025-08-28,3006.0,976.0,2327.0,178689.37,6276033.05,1484.0,78490.74,313.0,39863.59,210.0,22578.12,174.0,24232.48,21.0,5490.39,584.0,103677.0,326.0,355.0,11.0,2409.8571428571427,166217.88285714286,374.85714285714283,150463.74857142856
2025-08-29,2815.0,938.0,2432.0,154534.93,208465.04,1667.0,66632.92,304.0,38021.44,196.0,22014.25,121.0,7164.26,20.0,14739.14,1073.0,174171.2,628.0,314.0,17.0,2401.285714285714,163041.87999999998,359.85714285714283,146403.9142857143
2025-08-30,2716.0,823.0,2286.0,116688.02,249954.35,1668.0,59479.89,267.0,25017.35,177.0,21279.71,101.0,5038.66,18.0,456.28,1037.0,128260.0,529.0,291.0,14.0,2379.8571428571427,161735.56714285715,351.2857142857143,142190.4
2025-08-31,2606.0,868.0,2182.0,119723.1,316104.48,1530.0,57412.21,244.0,27277.65,201.0,18198.88,77.0,7129.28,16.0,561.12,1032.0,134237.6,573.0,296.0,15.0,2419.8571428571427,156627.4842857143,344.2857142857143,135171.82857142857
2025-09-01,3021.0,1015.0,2570.0,151295.59,1800551339.61,1861.0,79086.94,336.0,33049.75,205.0,26614.78,77.0,6748.21,12.0,2221.44,1277.0,163041.4,682.0,340.0,19.0,2432.0,152175.8714285714,336.57142857142856,127970.74285714285
2025-09-02,2757.0,939.0,2306.0,158282.78,399720.26,1628.0,77466.58,291.0,39507.01,205.0,19735.47,87.0,11175.07,14.0,704.42,439.0,68761.0,260.0,356.0,32.0,2388.285714285714,151166.60428571427,329.14285714285717,110306.8857142857
2025-09-03,2727.0,939.0,2190.0,134290.68,307686.41,1520.0,56056.81,310.0,33212.49,199.0,17633.19,73.0,17853.37,29.0,3140.26,1188.0,189426.6,619.0,335.0,24.0,2327.5714285714284,144786.35285714286,326.7142857142857,137367.82857142857
2025-09-04,2925.0,923.0,2340.0,179828.48,263900.01,1618.0,96453.8,232.0,23156.58,326.0,40901.05,63.0,7615.85,32.0,5754.8,982.0,211717.2,558.0,334.0,28.0,2329.4285714285716,144949.08285714284,323.7142857142857,152802.14285714287
2025-09-05,2750.0,956.0,2307.0,159030.0,342713.23,1628.0,67799.93,303.0,44205.33,238.0,26600.9,52.0,4297.79,29.0,6392.08,509.0,79335.6,331.0,338.0,18.0,2311.5714285714284,145591.23571428572,327.14285714285717,139254.2
2025-09-06,2304.0,835.0,1945.0,106388.42,164106.0,1393.0,47480.43,196.0,25492.39,243.0,22496.2,51.0,1488.4,12.0,1723.4,992.0,119921.1,537.0,292.0,17.0,2262.8571428571427,144119.86428571428,327.2857142857143,138062.92857142858
2025-09-07,2508.0,888.0,2049.0,107702.79,176214.97,1496.0,47625.54,219.0,32367.82,178.0,18192.6,79.0,2244.66,14.0,2603.58,1086.0,139248.78,614.0,363.0,22.0,2243.8571428571427,142402.67714285714,336.85714285714283,138778.8114285714
2025-09-08,2739.0,986.0,2147.0,157841.68,252047.33,1527.0,81046.0,209.0,35108.0,251.0,26287.13,61.0,4331.74,18.0,1268.67,1079.0,188089.1,642.0,372.0,39.0,2183.4285714285716,143337.83285714284,341.42857142857144,142357.05428571432
2025-09-09,2815.0,938.0,2236.0,158681.84,280010.08,1613.0,77886.98,236.0,34153.07,221.0,14959.33,75.0,4349.41,14.0,405.64,941.0,186028.6,584.0,334.0,19.0,2173.4285714285716,143394.84142857144,338.2857142857143,159109.56857142856
2025-09-10,2812.0,943.0,2137.0,123874.61,338464.42,1584.0,52372.89,225.0,38564.5,185.0,14428.96,58.0,4774.29,17.0,4078.69,919.0,140965.2,574.0,340.0,23.0,2165.8571428571427,141906.83142857143,339.0,152186.51142857145
2025-09-11,3357.0,1021.0,2711.0,150066.05,259566.91,2031.0,64507.73,199.0,42128.16,259.0,24463.83,121.0,5628.92,16.0,6545.31,947.0,154304.0,585.0,394.0,22.0,2218.8571428571427,137655.0557142857,347.57142857142856,143984.6257142857
2025-09-12,3389.0,1033.0,2849.0,167403.13,273270.54,1928.0,77272.06,215.0,26595.28,205.0,17973.64,100.0,11474.69,32.0,5572.44,595.0,103755.0,337.0,390.0,26.0,2296.285714285714,138851.21714285715,355.0,147473.11142857143
2025-09-13,2508.0,880.0,2095.0,141560.29,291643.62,1485.0,55642.54,191.0,35310.57,228.0,21825.51,73.0,7138.54,15.0,4249.55,1036.0,178038.0,590.0,360.0,22.0,2317.714285714286,143875.77,364.7142857142857,155775.5257142857
2025-09-14,2671.0,913.0,2186.0,136481.1,227463.05,1489.0,67635.47,223.0,33874.9,233.0,18291.77,152.0,9859.6,19.0,943.88,1090.0,165024.0,609.0,368.0,36.0,2337.285714285714,147986.95714285714,365.42857142857144,159457.7
2025-09-15,2793.0,972.0,2316.0,160048.0,292278.34,1661.0,76137.04,173.0,31672.67,236.0,21523.43,119.0,12193.18,22.0,6448.27,1023.0,175975.0,621.0,348.0,30.0,2361.4285714285716,148302.14571428573,362.0,157727.11428571428
2025-09-16,2938.0,975.0,2427.0,194303.11,3952150.81,1818.0,84521.48,157.0,35100.78,215.0,19330.15,138.0,21225.17,10.0,1882.31,1171.0,215077.0,643.0,355.0,22.0,2388.714285714286,153390.89857142858,365.0,161876.88571428572
2025-09-17,3230.0,983.0,2754.0,171608.23,253481.26,2037.0,69043.14,188.0,51148.57,258.0,29403.72,131.0,8365.6,21.0,3143.09,1098.0,186566.0,648.0,368.0,32.0,2476.8571428571427,160209.98714285714,369.0,168391.2857142857
2025-09-18,2900.0,965.0,2469.0,158166.33,615401.93,1782.0,83843.43,182.0,34451.59,268.0,17811.34,104.0,8665.29,15.0,4569.3,1097.0,189760.0,643.0,343.0,25.0,2442.285714285714,161367.16999999998,361.7142857142857,173456.42857142858
2025-09-19,3032.0,1058.0,2553.0,182795.55,316524.86,1914.0,88881.29,208.0,58169.33,207.0,16755.89,87.0,6840.66,13.0,623.36,1210.0,175719.4,696.0,378.0,26.0,2400.0,163566.08714285717,360.0,183737.05714285714
2025-09-20,2594.0,895.0,2116.0,154086.14,251392.19,1553.0,68132.15,160.0,32169.09,200.0,16145.33,72.0,5980.45,12.0,2584.14,1021.0,188834.0,603.0,361.0,23.0,2403.0,165355.4942857143,360.14285714285717,185279.34285714285
2025-09-21,3168.0,1043.0,2561.0,161913.95,269697.01,1872.0,67166.16,164.0,42606.56,274.0,33064.73,116.0,5996.82,24.0,4734.86,617.0,74753.0,344.0,402.0,26.0,2456.5714285714284,168988.75857142857,365.0,172383.4857142857
2025-09-22,3024.0,988.0,2517.0,161967.81,309727.96,1847.0,75572.05,175.0,45801.82,307.0,26221.1,98.0,6933.59,10.0,2308.24,1092.0,215540.0,663.0,371.0,22.0,2485.285714285714,169263.01714285713,368.2857142857143,178035.62857142856
2025-09-23,3308.0,1107.0,2746.0,173796.11,341837.52,2033.0,79805.6,212.0,42122.13,335.0,35342.38,71.0,5178.0,20.0,4027.02,1203.0,201047.83,734.0,438.0,37.0,2530.8571428571427,166333.44571428574,380.14285714285717,176031.46142857143
2025-09-24,2959.0,1044.0,2455.0,155629.0,261147.81,1882.0,76058.17,188.0,33248.68,244.0,29158.79,58.0,6331.62,12.0,3372.1,1047.0,151585.0,658.0,402.0,34.0,2488.1428571428573,164050.69857142857,385.0,171034.17571428572
2025-09-25,2907.0,1013.0,2389.0,160289.66,236996.45,1707.0,95823.22,168.0,20418.56,295.0,19922.6,111.0,9760.4,22.0,2119.97,1108.0,188502.0,676.0,391.0,32.0,2476.714285714286,164354.0314285714,391.85714285714283,170854.46142857143
2025-09-26,3341.0,1026.0,2613.0,141525.09,259184.04,1776.0,56018.73,205.0,32557.18,422.0,30021.79,117.0,11342.23,12.0,3339.4,1266.0,188338.73,690.0,389.0,47.0,2485.285714285714,158458.25142857144,393.42857142857144,172657.22285714286
2025-09-27,2701.0,972.0,2248.0,145697.22,1976488.58,1511.0,63336.39,233.0,40938.25,304.0,21732.07,111.0,4968.57,15.0,3656.76,1113.0,149118.0,642.0,387.0,17.0,2504.1428571428573,157259.83428571429,397.14285714285717,166983.50857142857
2025-09-28,2545.0,929.0,2120.0,116036.32,220786.35,1393.0,40607.83,248.0,33425.67,295.0,19270.62,81.0,3877.75,21.0,1973.79,1077.0,135590.0,643.0,396.0,26.0,2441.1428571428573,150705.88714285713,396.2857142857143,175674.50857142857
2025-09-29,3048.0,1033.0,2492.0,151600.97,382137.81,1867.0,92922.94,168.0,26486.03,275.0,13133.65,86.0,4699.88,12.0,484.9,639.0,92080.0,373.0,369.0,43.0,2437.5714285714284,149224.90999999997,396.0,158037.36571428573
2025-09-30,3420.0,1112.0,2583.0,260782.18,483089.16,1927.0,188151.16,168.0,27330.9,330.0,30097.76,73.0,6949.19,22.0,1966.24,1224.0,290788.0,732.0,388.0,24.0,2414.285714285714,161651.49142857143,388.85714285714283,170857.38999999998
2025-10-01,3170.0,1110.0,2632.0,186903.47,309563.65,1773.0,85389.07,302.0,44783.71,378.0,33224.71,91.0,13953.93,19.0,1107.1,1235.0,193394.0,697.0,402.0,31.0,2439.5714285714284,166119.27285714287,388.85714285714283,176830.10428571427
2025-10-02,3081.0,1061.0,2497.0,184532.42,408356.33,1777.0,80139.53,246.0,58469.84,289.0,28096.39,82.0,5870.76,30.0,1939.05,694.0,101187.0,415.0,417.0,34.0,2455.0,169582.5242857143,392.57142857142856,164356.53285714285
2025-10-03,3416.0,1165.0,2818.0,199164.79,17872624.11,2042.0,108677.36,254.0,42568.83,330.0,29907.05,91.0,5936.63,21.0,1854.19,1430.0,227725.73,806.0,386.0,23.0,2484.285714285714,177816.76714285713,392.14285714285717,169983.24714285714
2025-10-04,2638.0,917.0,2183.0,131971.36,463834.38,1582.0,62452.28,186.0,30689.14,223.0,19966.93,107.0,9424.6,22.0,1212.3,434.0,61113.0,271.0,365.0,23.0,2475.0,175855.93,389.0,157411.10428571427
2025-10-05,2907.0,956.0,2393.0,143174.31,288718.28,1654.0,70545.67,206.0,30210.3,331.0,20022.76,95.0,6108.45,34.0,4043.35,1179.0,164350.0,644.0,381.0,22.0,2514.0,179732.7857142857,386.85714285714283,161519.67571428572
2025-10-06,3093.0,1095.0,2565.0,170074.08,311757.18,1814.0,71504.06,198.0,31435.19,269.0,24399.54,120.0,19743.71,33.0,3992.92,1216.0,201879.55,733.0,424.0,30.0,2524.4285714285716,182371.8014285714,394.7142857142857,177205.32571428572
2025-10-07,3248.0,1114.0,2696.0,175868.47,272818.78,1971.0,62027.71,245.0,41300.22,278.0,33052.89,77.0,17919.75,29.0,3640.21,1165.0,183607.0,723.0,434.0,21.0,2540.5714285714284,170241.2714285714,401.2857142857143,161893.7542857143
2025-10-08,3362.0,1219.0,2780.0,204298.9,327668.21,2076.0,103546.29,278.0,46684.98,203.0,20902.27,90.0,8950.29,42.0,7737.21,1398.0,228843.0,848.0,463.0,36.0,2561.714285714286,172726.33285714287,410.0,166957.89714285714
2025-10-09,3191.0,1104.0,2597.0,170410.51,296426.71,1837.0,80017.46,262.0,41405.4,243.0,18007.34,108.0,11146.78,36.0,5989.42,1254.0,217804.0,742.0,418.0,30.0,2576.0,170708.91714285713,410.14285714285717,183617.4685714286
2025-10-10,3383.0,1091.0,2768.0,168416.24,360738.89,2109.0,83901.83,190.0,29709.97,296.0,26051.71,71.0,4224.45,26.0,10831.78,1190.0,207289.0,692.0,404.0,26.0,2568.8571428571427,166316.26714285713,412.7142857142857,180697.93571428573
2025-10-11,3048.0,990.0,2042.0,140256.31,248643.81,1479.0,52446.5,220.0,48211.97,168.0,14331.0,70.0,6341.61,22.0,2140.94,1133.0,158941.0,674.0,423.0,30.0,2548.714285714286,167499.8314285714,421.0,194673.36428571428
2025-10-12,3256.0,1038.0,2580.0,155995.69,266345.77,1833.0,79188.38,199.0,31327.03,307.0,18224.8,128.0,10909.78,17.0,979.65,1353.0,180603.0,712.0,441.0,24.0,2575.4285714285716,169331.45714285714,429.57142857142856,196995.22142857144
2025-10-13,3376.0,1181.0,2765.0,188654.45,362681.34,2031.0,80341.13,213.0,30823.8,297.0,38215.78,97.0,8974.56,19.0,2694.19,1344.0,215840.0,778.0,469.0,41.0,2604.0,171985.7957142857,436.0,198989.57142857142
2025-10-14,3385.0,1131.0,2694.0,207573.89,439563.64,1896.0,86579.67,236.0,67289.26,341.0,29008.62,112.0,8126.45,14.0,1065.73,147.0,15879.0,100.0,491.0,32.0,2603.714285714286,176515.14142857143,444.14285714285717,175028.42857142858
2025-10-15,3526.0,1157.0,2922.0,195628.12,384537.02,2120.0,96921.41,296.0,48189.47,284.0,28423.1,109.0,6160.54,20.0,3974.63,755.0,149340.0,463.0,464.0,30.0,2624.0,175276.45857142858,444.2857142857143,163670.85714285713
2025-10-16,3649.0,1175.0,3058.0,175828.91,275467.32,2347.0,82868.76,208.0,39201.56,318.0,36843.6,97.0,5983.09,21.0,3603.88,1362.0,214599.0,784.0,451.0,40.0,2689.8571428571427,176050.51571428572,449.0,163213.0
2025-10-17,3641.0,1121.0,3005.0,176136.62,6267314.09,2223.0,75056.23,243.0,35461.74,294.0,31177.39,87.0,5552.29,49.0,5734.29,1382.0,191362.61,732.0,411.0,32.0,2723.714285714286,177153.42714285714,450.0,160937.80142857143
2025-10-18,3144.0,1061.0,2559.0,150315.8,270465.89,1844.0,64991.43,166.0,30966.76,277.0,15390.59,124.0,13527.43,45.0,11175.63,1203.0,165641.0,703.0,446.0,36.0,2797.5714285714284,178590.49714285714,453.2857142857143,161894.9442857143
2025-10-19,3161.0,1094.0,2564.0,147353.76,247150.95,1864.0,59149.67,169.0,33631.87,245.0,19261.04,158.0,16516.89,21.0,3092.1,1272.0,167888.0,720.0,486.0,24.0,2795.285714285714,177355.93571428573,459.7142857142857,160078.51571428572
2025-10-20,3574.0,1231.0,2854.0,206992.87,1602553.2,2085.0,92490.72,219.0,43985.87,267.0,24066.25,144.0,24673.05,47.0,7185.92,1443.0,219721.0,824.0,507.0,33.0,2808.0,179975.71000000002,465.14285714285717,160632.9442857143
2025-10-21,3743.0,1209.0,3075.0,209852.76,323847.69,2289.0,84693.2,221.0,40538.63,261.0,31238.08,178.0,29437.77,42.0,6881.2,1445.0,227848.73,798.0,474.0,32.0,2862.4285714285716,180301.26285714286,462.7142857142857,190914.33428571429
2025-10-22,3763.0,1225.0,3139.0,282549.81,1807833.34,2382.0,89999.28,175.0,109439.37,281.0,41560.97,183.0,23216.78,44.0,6280.97,1416.0,391917.0,802.0,493.0,33.0,2893.4285714285716,192718.64714285717,466.85714285714283,225568.19142857144
2025-10-23,3420.0,1181.0,2831.0,199548.82,334646.35,2130.0,79549.05,169.0,33036.24,217.0,36512.71,177.0,21500.23,69.0,15431.06,1350.0,223645.5,768.0,498.0,32.0,2861.0,196107.2057142857,473.57142857142856,226860.54857142858
2025-10-24,3394.0,1083.0,2867.0,198998.53,452265.44,2186.0,83353.16,195.0,60529.47,271.0,27462.72,98.0,3033.37,26.0,4164.03,1285.0,238090.0,713.0,397.0,31.0,2841.285714285714,199373.19285714286,471.57142857142856,233535.88999999998
2025-10-25,3114.0,961.0,2651.0,169826.33,277753.75,1842.0,66533.11,175.0,39960.59,351.0,28591.82,139.0,7447.03,30.0,8628.34,1227.0,207190.0,633.0,373.0,25.0,2854.4285714285716,202160.41142857145,461.14285714285717,239471.46142857143
2025-10-26,2954.0,1067.0,2399.0,175452.8,520185.71,1768.0,63375.73,194.0,50431.89,232.0,26648.57,98.0,11605.14,18.0,2657.36,1236.0,204412.0,736.0,441.0,27.0,2830.8571428571427,206174.56,454.7142857142857,244689.17571428572
2025-10-27,3357.0,1152.0,2749.0,182320.07,360683.39,1972.0,82316.24,218.0,41576.91,281.0,24292.07,149.0,10436.56,24.0,5211.83,1293.0,253224.0,747.0,445.0,26.0,2815.8571428571427,202649.87428571426,445.85714285714283,249475.31857142856
2025-10-28,3939.0,1260.0,3263.0,232093.11,338111.54,2429.0,101723.76,229.0,41654.95,314.0,34233.41,152.0,6486.98,26.0,16469.49,1524.0,244958.0,867.0,455.0,21.0,2842.714285714286,205827.06714285715,443.14285714285717,251919.5
2025-10-29,3485.0,1143.0,2888.0,185838.06,317830.76,2075.0,79133.46,232.0,37182.15,335.0,34062.01,147.0,5229.16,21.0,3806.43,778.0,110779.0,435.0,407.0,26.0,2806.8571428571427,192011.1028571429,430.85714285714283,211756.92857142858
2025-10-30,3894.0,1225.0,3287.0,225830.36,396604.63,2473.0,111236.11,222.0,42707.45,346.0,38981.03,131.0,9530.01,24.0,1549.66,1447.0,284330.0,805.0,443.0,26.0,2872.0,195765.60857142857,423.0,220426.14285714287
2025-10-31,3778.0,1182.0,3160.0,237302.87,331441.18,2365.0,143234.03,222.0,37922.41,335.0,30564.52,121.0,9254.51,25.0,4668.89,1292.0,253869.0,763.0,403.0,30.0,2913.8571428571427,201237.65714285715,423.85714285714283,222680.2857142857
2025-11-01,3159.0,1079.0,2591.0,153760.68,920385.33,1892.0,73195.84,249.0,29177.42,228.0,29375.23,144.0,8625.55,18.0,3991.88,1219.0,169536.0,700.0,418.0,32.0,2905.285714285714,198942.56428571427,430.2857142857143,217301.14285714287
2025-11-02,2894.0,984.0,2364.0,148482.38,475775.29,1674.0,65239.16,223.0,36680.26,228.0,19888.79,145.0,7889.98,31.0,9477.46,559.0,85256.0,319.0,424.0,26.0,2900.285714285714,195089.6471428571,427.85714285714283,200278.85714285713
2025-11-03,2979.0,1083.0,2421.0,177516.38,286799.59,1742.0,68278.59,200.0,58781.16,263.0,25668.35,118.0,9297.98,28.0,7489.31,1226.0,198077.41,711.0,444.0,21.0,2853.4285714285716,194403.40571428573,427.7142857142857,192400.77285714285
2025-11-04,3579.0,1123.0,2890.0,245007.09,433917.17,2056.0,121457.76,341.0,65025.0,288.0,27446.2,112.0,6946.47,23.0,5785.02,1390.0,284986.0,769.0,420.0,24.0,2800.1428571428573,196248.25999999998,422.7142857142857,198119.05857142856
2025-11-05,3662.0,1206.0,3058.0,234779.42,549443.19,2248.0,94332.87,232.0,38190.77,308.0,45855.04,126.0,9650.24,32.0,7837.93,1319.0,225744.0,804.0,461.0,35.0,2824.4285714285716,203239.88285714286,430.42857142857144,214542.62999999998
2025-11-06,3428.0,1148.0,2822.0,198769.2,1090414.05,2034.0,102821.02,262.0,38016.26,297.0,29961.1,128.0,13484.61,30.0,2734.84,1287.0,221189.0,774.0,418.0,29.0,2758.0,199374.00285714286,426.85714285714283,205522.48714285714
2025-11-07,3485.0,1193.0,2845.0,221999.69,407208.82,2018.0,103200.17,194.0,44796.97,290.0,31219.56,177.0,16193.98,69.0,7554.57,1354.0,266491.0,771.0,474.0,31.0,2713.0,197187.83428571426,437.0,207325.62999999998
2025-11-08,2996.0,971.0,2463.0,200658.21,458778.59,1661.0,73368.2,183.0,42086.41,309.0,47554.38,167.0,11158.23,23.0,2388.71,1120.0,224480.61,616.0,381.0,22.0,2694.714285714286,203887.48142857142,431.7142857142857,215174.86000000002
2025-11-09,3164.0,965.0,2587.0,180649.23,426976.81,1740.0,71929.12,225.0,46665.05,331.0,39653.87,163.0,8576.14,56.0,2295.26,1257.0,222478.67,637.0,397.0,22.0,2726.5714285714284,208482.74571428573,427.85714285714283,234778.09857142856
2025-11-10,3404.0,1167.0,2845.0,197837.4,1002913.64,2073.0,87897.13,226.0,34248.08,312.0,45286.96,75.0,3797.7,71.0,8927.41,1305.0,243595.0,769.0,411.0,18.0,2787.1428571428573,211385.74857142856,423.14285714285717,241280.61142857143
2025-11-11,3543.0,1137.0,2989.0,230676.24,342070.3,2093.0,68370.08,234.0,76986.92,334.0,37116.33,138.0,8797.46,62.0,17929.65,1316.0,237061.5,748.0,447.0,30.0,2801.285714285714,209338.4842857143,427.0,234434.2542857143
2025-11-12,3541.0,1127.0,3040.0,169928.7,3478822.71,2286.0,77255.7,223.0,38215.2,280.0,28261.8,84.0,8874.84,72.0,5300.96,1273.0,201829.0,733.0,411.0,23.0,2798.714285714286,200074.0957142857,419.85714285714283,231017.82571428572
2025-11-13,3800.0,1180.0,3215.0,276679.54,436254.9,2421.0,122515.63,231.0,56968.03,307.0,51674.21,107.0,24300.35,62.0,8230.62,1289.0,293728.0,770.0,440.0,38.0,2854.8571428571427,211204.14428571428,423.0,241380.54
2025-11-14,3765.0,1158.0,2929.0,203185.67,397207.99,2109.0,79867.81,210.0,49720.04,359.0,52252.38,80.0,4547.08,52.0,6003.37,863.0,190109.61,520.0,391.0,32.0,2866.8571428571427,208516.42714285714,411.14285714285717,230468.9128571429
2025-11-15,3394.0,1066.0,2798.0,195633.74,379501.49,1982.0,81081.11,227.0,39272.72,270.0,27341.33,142.0,24479.04,77.0,11308.71,1098.0,192940.0,624.0,425.0,16.0,2914.714285714286,207798.64571428573,417.42857142857144,225963.11142857146
2025-11-16,3200.0,984.0,2672.0,160499.85,248882.57,1931.0,76542.98,201.0,41824.97,270.0,18428.06,147.0,12898.56,45.0,2602.84,1192.0,175205.0,647.0,404.0,25.0,2926.8571428571427,204920.1628571429,418.42857142857144,219209.72999999998
2025-11-17,3451.0,1149.0,2933.0,217121.9,355987.42,2174.0,102745.78,206.0,37698.96,319.0,32161.99,109.0,18881.34,49.0,15760.78,1386.0,234390.0,781.0,422.0,24.0,2939.4285714285716,207675.0914285714,420.0,217894.72999999998
2025-11-18,3415.0,1153.0,2844.0,161592.86,311731.62,2115.0,77448.28,200.0,29963.5,302.0,33306.47,93.0,5857.24,58.0,4138.26,1333.0,192258.0,775.0,423.0,46.0,2918.714285714286,197806.03714285715,416.57142857142856,211494.22999999998
2025-11-19,3698.0,1153.0,3138.0,178283.81,265637.6,2406.0,74751.92,232.0,28279.15,243.0,30614.67,81.0,7338.75,87.0,25842.08,1312.0,198672.08,752.0,413.0,32.0,2932.714285714286,198999.6242857143,416.85714285714283,211043.24142857143
2025-11-20,3726.0,1146.0,3122.0,198993.14,312579.97,2357.0,113743.99,229.0,37248.4,295.0,22326.77,92.0,5751.32,65.0,9542.65,1294.0,282377.61,753.0,400.0,40.0,2919.4285714285716,187901.56714285715,411.14285714285717,209421.75714285712
2025-11-21,3403.0,1073.0,2875.0,198438.24,306182.54,2182.0,106593.53,226.0,43096.39,258.0,25309.89,75.0,3841.55,53.0,7400.44,1123.0,197491.61,673.0,352.0,23.0,2911.714285714286,187223.36285714287,405.57142857142856,210476.32857142857
2025-11-22,2981.0,1050.0,2505.0,148738.69,244135.15,1872.0,71797.02,184.0,29259.21,220.0,19023.93,92.0,10597.29,56.0,5793.81,676.0,89105.0,366.0,400.0,20.0,2869.8571428571427,180524.07,402.0,195642.75714285712
2025-11-23,3115.0,1037.0,2630.0,152872.09,276224.65,1990.0,61818.68,161.0,39676.59,267.0,22736.54,104.0,7101.26,39.0,4406.18,1122.0,184844.22,659.0,395.0,22.0,2863.8571428571427,179434.38999999998,400.7142857142857,197019.78857142854
2025-11-24,3740.0,1133.0,3211.0,193562.83,292804.6,2483.0,101660.85,195.0,39078.22,340.0,24884.84,90.0,10510.04,40.0,3449.81,1226.0,199422.61,724.0,379.0,18.0,2903.5714285714284,176068.80857142856,394.57142857142856,192024.44714285716
2025-11-25,3667.0,1104.0,3115.0,207626.3,340456.52,2296.0,84697.9,220.0,37067.95,333.0,43451.18,110.0,9152.56,36.0,19940.13,1353.0,219481.0,725.0,404.0,27.0,2942.285714285714,182645.0142857143,391.85714285714283,195913.44714285713
2025-11-26,3361.0,1137.0,2835.0,185325.36,391108.9,2130.0,91072.94,193.0,54332.78,294.0,23263.76,105.0,5057.29,37.0,2497.67,673.0,121249.0,430.0,417.0,13.0,2899.0,183650.94999999998,392.42857142857144,184853.00714285715
2025-11-27,3194.0,1067.0,2708.0,184610.66,537101.83,2004.0,82564.34,225.0,42153.47,266.0,21421.77,104.0,11035.48,31.0,10826.36,1233.0,226783.0,703.0,380.0,33.0,2839.8571428571427,181596.31,389.57142857142856,176910.91999999998
2025-11-28,3621.0,1184.0,3076.0,209565.73,295002.19,2222.0,102150.4,257.0,47443.24,387.0,36779.68,125.0,10228.74,26.0,2412.95,1375.0,230367.0,784.0,429.0,29.0,2868.5714285714284,183185.95142857142,400.57142857142856,181607.4042857143
2025-11-29,3452.0,1010.0,2893.0,201830.71,314688.32,2015.0,95955.78,245.0,31964.78,408.0,35691.63,104.0,4037.35,43.0,20591.67,1236.0,228929.61,670.0,387.0,31.0,2924.0,190770.5257142857,398.7142857142857,201582.34857142856
2025-11-30,3497.0,1061.0,2969.0,254713.98,334963.32,2119.0,94674.68,234.0,34557.76,322.0,33621.04,119.0,8272.28,50.0,40570.15,1276.0,276111.61,735.0,398.0,25.0,2972.4285714285716,205319.3671428571,399.14285714285717,214620.54714285716
2025-12-01,3789.0,1228.0,3131.0,245890.91,397071.62,2177.0,136306.4,259.0,40223.56,416.0,26697.68,162.0,18153.11,42.0,11873.81,1523.0,284734.61,812.0,452.0,34.0,2961.0,212794.80714285714,409.57142857142856,226807.97571428568
2025-12-02,3924.0,1155.0,2733.0,180048.27,662433.1,1984.0,82282.2,231.0,46345.78,307.0,34918.01,117.0,5648.84,29.0,3603.63,1200.0,219745.0,735.0,418.0,54.0,2906.4285714285716,208855.08857142855,411.57142857142856,226845.68999999997
2025-12-03,3621.0,1165.0,2987.0,199551.31,7194601.65,2202.0,90403.75,227.0,39024.3,313.0,36734.01,125.0,7757.29,51.0,10509.43,743.0,123649.0,453.0,419.0,28.0,2928.1428571428573,210887.36714285714,411.85714285714283,227188.54714285713
2025-12-04,3750.0,1183.0,3112.0,209353.06,323660.25,2313.0,70440.79,238.0,53546.48,342.0,56397.53,109.0,6977.51,32.0,3318.31,1293.0,216030.0,735.0,443.0,34.0,2985.8571428571427,214421.9957142857,420.85714285714283,225652.40428571426
2025-12-05,3259.0,1104.0,2677.0,210363.25,504782.01,1906.0,104908.58,262.0,53477.88,321.0,27316.95,76.0,6197.35,35.0,6756.82,1189.0,446266.61,693.0,358.0,18.0,2928.8571428571427,214535.92714285714,410.7142857142857,256495.2057142857
2025-12-06,2609.0,902.0,2140.0,132690.74,210126.37,1523.0,59672.44,168.0,27881.36,239.0,17113.5,63.0,2536.29,55.0,7812.77,911.0,126593.0,546.0,322.0,21.0,2821.285714285714,204658.78857142857,401.42857142857144,241875.69
2025-12-07,2206.0,799.0,1844.0,131647.61,219563.7,1258.0,56680.44,132.0,31912.36,237.0,23378.04,65.0,2892.3,59.0,5873.66,802.0,166535.0,493.0,278.0,9.0,2660.5714285714284,187077.87857142856,384.2857142857143,226221.8885714286
2025-12-08,3495.0,1209.0,2904.0,215186.71,408478.8,2050.0,90499.7,228.0,53273.05,333.0,29214.74,115.0,6769.41,55.0,21460.68,1268.0,257288.61,768.0,441.0,29.0,2628.1428571428573,182691.56428571424,382.7142857142857,222301.0314285714
2025-12-09,3619.0,1280.0,2956.0,285076.58,459984.83,2072.0,168867.34,285.0,48579.89,336.0,34910.86,125.0,10098.55,52.0,12416.49,1413.0,249865.0,837.0,481.0,42.0,2660.0,197695.60857142857,391.7142857142857,226603.88857142857
2025-12-10,3583.0,1276.0,2904.0,275705.79,417916.33,2102.0,137588.42,280.0,59496.71,261.0,24614.3,106.0,12104.41,41.0,16649.17,1492.0,287026.0,851.0,456.0,25.0,2648.1428571428573,208574.82,397.0,249943.46
2025-12-11,3777.0,1240.0,3027.0,216009.65,716654.34,2168.0,92492.26,251.0,44048.61,348.0,46597.59,100.0,8418.31,41.0,4809.27,1362.0,249954.0,837.0,452.0,35.0,2636.0,209525.7614285714,398.2857142857143,254789.7457142857
2025-12-12,3673.0,1296.0,3114.0,315674.01,471008.99,2301.0,209578.27,224.0,36220.12,290.0,35449.24,105.0,8972.62,30.0,6836.55,1381.0,411257.0,856.0,483.0,36.0,2698.4285714285716,224570.1557142857,416.14285714285717,249788.37285714285
2025-12-13,3517.0,1107.0,2934.0,260508.3,455921.17,2095.0,156450.07,253.0,54343.83,270.0,21516.65,120.0,9059.57,67.0,4644.17,1363.0,210175.0,766.0,448.0,26.0,2811.8571428571427,242829.80714285714,434.14285714285717,261728.65857142856
2025-12-14,3085.0,1093.0,2542.0,252527.16,432069.47,1784.0,155471.77,210.0,42657.59,281.0,19139.27,122.0,8779.18,57.0,10631.67,1229.0,200216.81,733.0,399.0,27.0,2911.5714285714284,260098.31428571432,451.42857142857144,266540.3457142857
2025-12-15,3433.0,1177.0,2870.0,319669.43,434537.15,2060.0,204436.71,248.0,55116.76,328.0,24778.66,80.0,4627.43,50.0,2527.23,1239.0,428083.0,768.0,427.0,30.0,2906.714285714286,275024.41714285716,449.42857142857144,290939.5442857143
2025-12-16,3802.0,1246.0,3189.0,270882.02,363286.02,2257.0,164740.68,248.0,35984.9,376.0,25978.51,149.0,20445.25,39.0,7528.37,1432.0,230944.61,837.0,471.0,30.0,2940.0,272996.6228571429,448.0,288236.6314285714
2025-12-17,3663.0,1193.0,3050.0,208660.39,358352.52,2108.0,89641.65,244.0,35905.11,414.0,40364.62,131.0,22802.58,40.0,3916.84,1079.0,180985.61,613.0,439.0,42.0,2960.8571428571427,263418.70857142855,445.57142857142856,273088.0042857143
2025-12-18,4083.0,1259.0,3461.0,229617.88,327160.37,2521.0,131990.33,328.0,43156.47,355.0,24598.46,129.0,16157.8,31.0,3150.41,1105.0,168962.0,658.0,461.0,46.0,3022.8571428571427,265362.74142857146,446.85714285714283,261517.7185714286
2025-12-19,3688.0,1177.0,3106.0,207428.92,355371.83,2285.0,104755.6,255.0,43026.76,359.0,34570.84,105.0,8581.44,24.0,1128.54,1370.0,251158.0,770.0,428.0,28.0,3021.714285714286,249899.15714285715,439.0,238646.43285714285
2025-12-20,2992.0,1057.0,2490.0,171221.84,284374.05,1806.0,88485.98,219.0,30946.41,279.0,34404.42,82.0,3673.81,33.0,4948.84,1085.0,152940.0,693.0,445.0,40.0,2958.285714285714,237143.9485714286,438.57142857142856,230470.0042857143
2025-12-21,3391.0,1104.0,2862.0,185914.57,387116.77,1853.0,80795.79,263.0,41362.21,457.0,30045.95,107.0,10637.22,79.0,9500.43,1384.0,259398.0,755.0,467.0,30.0,3004.0,227627.86428571428,448.2857142857143,238924.46
2025-12-22,3465.0,1162.0,2926.0,239816.39,371803.38,2103.0,128957.56,235.0,43451.51,355.0,42159.68,130.0,9807.11,27.0,1946.65,1288.0,269933.0,755.0,388.0,37.0,3012.0,216220.28714285715,442.7142857142857,216331.60285714286
2025-12-23,3432.0,1087.0,2939.0,224312.28,2194063.28,2022.0,116415.45,278.0,49944.32,404.0,33113.16,119.0,8329.15,41.0,3055.45,1213.0,240881.0,692.0,327.0,20.0,2976.285714285714,209567.46714285715,422.14285714285717,217751.08714285717
2025-12-24,3373.0,1049.0,2927.0,222237.46,435268.08,2135.0,103744.26,298.0,60856.01,262.0,28607.5,100.0,8331.08,36.0,3535.53,1196.0,225013.0,698.0,346.0,25.0,2958.714285714286,211507.04857142855,408.85714285714283,224040.7142857143
2025-12-25,3410.0,1090.0,2978.0,232191.6,288178.86,2108.0,130376.23,299.0,49155.48,319.0,31169.33,131.0,8091.58,52.0,2673.71,1303.0,270752.0,726.0,331.0,18.0,2889.714285714286,211874.72285714286,390.2857142857143,238582.14285714287
2025-12-26,3174.0,1047.0,2791.0,187818.08,398615.42,1882.0,72255.1,282.0,57403.17,329.0,27263.08,98.0,9335.15,92.0,8380.36,1207.0,187735.0,655.0,312.0,19.0,2844.714285714286,209073.1742857143,373.7142857142857,229521.7142857143
2025-12-27,2969.0,873.0,2581.0,159748.08,737465.61,1838.0,66642.13,229.0,40115.77,307.0,37417.83,99.0,4989.6,45.0,2702.81,1015.0,134061.0,552.0,298.0,21.0,2857.714285714286,207434.0657142857,352.7142857142857,226824.7142857143
2025-12-28,2905.0,973.0,2453.0,266208.58,360273.63,1749.0,71588.69,248.0,142336.93,227.0,24474.65,132.0,13512.95,25.0,4105.02,1084.0,276237.0,639.0,298.0,14.0,2799.285714285714,218904.63857142857,328.57142857142856,229230.2857142857
2025-12-29,3243.0,1070.0,2793.0,179467.04,260021.81,2111.0,83688.51,187.0,33139.03,265.0,30544.19,110.0,12455.82,43.0,5334.83,1153.0,179727.0,669.0,349.0,20.0,2780.285714285714,210283.30285714287,323.0,216343.7142857143
2025-12-30,3052.0,974.0,2643.0,154355.45,296509.43,1937.0,56206.31,227.0,38247.48,237.0,23136.87,122.0,11763.95,52.0,8964.74,1092.0,155290.0,616.0,305.0,17.0,2738.0,200289.47,319.85714285714283,204116.42857142858
2025-12-31,3770.0,991.0,3370.0,188030.46,273769.24,2713.0,107432.1,193.0,25721.75,256.0,35238.29,104.0,8732.68,41.0,1893.41,1191.0,182038.61,636.0,267.0,13.0,2801.285714285714,195402.7557142857,308.57142857142856,197977.22999999998
2026-01-01,2594.0,827.0,2241.0,134296.88,389445.03,1744.0,65274.05,175.0,31059.89,160.0,14986.21,67.0,4353.81,40.0,8228.06,970.0,136677.0,538.0,235.0,11.0,2696.0,181417.79571428572,294.85714285714283,178823.65857142856
2026-01-02,2513.0,862.0,2137.0,125085.38,186510.63,1538.0,52793.25,191.0,23698.85,155.0,15689.84,106.0,6353.75,42.0,4634.91,657.0,83322.0,374.0,354.0,19.0,2602.5714285714284,172455.98142857145,300.85714285714283,163907.5157142857
2026-01-03,2549.0,846.0,2171.0,129523.74,297833.68,1504.0,55889.05,243.0,34868.69,180.0,12444.93,107.0,4731.83,45.0,4933.94,727.0,104201.0,418.0,284.0,22.0,2544.0,168138.2185714286,298.85714285714283,159641.8014285714
2026-01-04,2448.0,876.0,2071.0,133663.29,196681.46,1547.0,62168.92,184.0,31220.45,126.0,13622.63,104.0,8798.77,38.0,6913.94,909.0,131566.0,538.0,337.0,17.0,2489.4285714285716,149203.17714285714,304.42857142857144,138974.5157142857
2026-01-05,2782.0,900.0,2376.0,141975.34,269018.32,1706.0,61895.58,249.0,43592.17,175.0,14329.54,132.0,6733.93,35.0,2323.18,1012.0,140510.0,585.0,315.0,25.0,2429.8571428571427,143847.22,299.57142857142856,133372.0871428571
2026-01-06,2921.0,930.0,2477.0,182903.48,263222.97,1673.0,70746.15,285.0,62429.08,259.0,23433.73,140.0,8436.74,38.0,6105.59,1074.0,188190.0,605.0,338.0,24.0,2406.1428571428573,147925.51,304.2857142857143,138072.0871428571
2026-01-07,2929.0,954.0,2486.0,144477.68,218163.0,1743.0,55413.62,223.0,35239.98,259.0,19893.92,131.0,12745.74,47.0,10321.86,1033.0,152562.0,601.0,345.0,18.0,2279.8571428571427,141703.6842857143,315.42857142857144,133861.14285714287
2026-01-08,3167.0,942.0,2721.0,141262.47,1991716.92,2012.0,54503.2,286.0,48394.1,174.0,15856.48,133.0,10635.69,16.0,1740.28,1061.0,142658.0,593.0,320.0,26.0,2348.4285714285716,142698.76857142858,327.57142857142856,134715.57142857142
2026-01-09,2892.0,962.0,2506.0,168891.23,215426.27,1978.0,82812.86,203.0,41341.32,158.0,22290.42,76.0,6679.07,26.0,2903.83,1094.0,165476.61,629.0,308.0,16.0,2401.1428571428573,148956.74714285714,321.0,146451.9442857143
2026-01-10,2934.0,928.0,2470.0,169592.38,250125.8,1793.0,55217.9,286.0,65883.87,169.0,18905.88,74.0,5441.48,16.0,5204.1,1050.0,174634.0,603.0,347.0,22.0,2443.8571428571427,154680.83857142858,330.0,156513.80142857143
2026-01-11,2835.0,909.0,2385.0,158239.28,241583.33,1677.0,69035.46,202.0,47068.19,129.0,12992.63,160.0,6821.89,105.0,5403.17,1101.0,173321.0,586.0,335.0,13.0,2488.714285714286,158191.69428571427,329.7142857142857,162478.80142857143
2026-01-12,3594.0,1048.0,3100.0,160629.68,227817.25,2369.0,79196.12,276.0,36630.42,226.0,28086.06,109.0,3781.59,30.0,4103.96,1151.0,155247.0,649.0,341.0,18.0,2592.1428571428573,160856.6,333.42857142857144,164584.08714285717
2026-01-13,3172.0,1001.0,2624.0,279298.56,525519.55,1924.0,100185.94,276.0,35588.69,207.0,31323.46,76.0,3776.59,28.0,93814.47,1089.0,293192.0,629.0,367.0,24.0,2613.1428571428573,174627.32571428572,337.57142857142856,179584.37285714288
2026-01-14,2982.0,945.0,2491.0,195079.17,267483.06,1932.0,105496.95,210.0,53035.5,167.0,13496.66,66.0,5506.07,27.0,5048.28,979.0,204160.0,566.0,307.0,20.0,2613.8571428571427,181856.11000000002,332.14285714285717,186955.51571428572
2026-01-15,3456.0,928.0,2931.0,191869.09,261351.72,2237.0,92047.68,235.0,43463.72,188.0,20705.43,117.0,13788.3,38.0,2404.67,1148.0,202047.0,581.0,279.0,27.0,2643.8571428571427,189085.62714285715,326.2857142857143,195439.6585714286
2026-01-16,3286.0,1016.0,2787.0,204255.88,295063.66,2003.0,114485.89,241.0,32774.1,284.0,27000.31,142.0,8734.55,29.0,3578.25,1116.0,218054.0,639.0,301.0,27.0,2684.0,194137.72,325.2857142857143,202950.7142857143
2026-01-17,2735.0,1005.0,2309.0,193664.03,341954.76,1659.0,124028.47,232.0,30818.09,166.0,13238.85,97.0,7491.99,87.0,4884.29,989.0,189327.0,663.0,303.0,17.0,2661.0,197576.52714285714,319.0,205049.7142857143
2026-01-18,2798.0,905.0,2357.0,212095.77,276323.9,1669.0,99465.99,212.0,52676.31,212.0,26822.54,117.0,8007.56,56.0,6464.79,415.0,83363.0,230.0,324.0,10.0,2657.0,205270.3114285714,317.42857142857144,192198.57142857142
2026-01-19,3896.0,1106.0,3318.0,257208.35,347700.68,2411.0,129747.98,345.0,66806.73,245.0,27384.48,157.0,7541.29,42.0,4039.46,1342.0,278443.0,696.0,376.0,31.0,2688.1428571428573,219067.2642857143,322.42857142857144,209798.0
2026-01-20,3163.0,1074.0,2667.0,226501.5,330706.11,2012.0,137543.19,272.0,39256.09,194.0,20057.78,86.0,10176.79,17.0,1836.41,1164.0,227597.0,689.0,352.0,32.0,2694.285714285714,211524.82714285716,320.2857142857143,200427.2857142857
2026-01-21,3576.0,1077.0,3027.0,245249.17,349742.74,2306.0,104022.22,291.0,75351.72,196.0,21933.75,77.0,29423.1,63.0,5130.95,1151.0,258363.0,668.0,357.0,26.0,2770.8571428571427,218691.97,327.42857142857144,208170.57142857142
2026-01-22,3266.0,1041.0,2905.0,245202.86,742472.48,2288.0,151186.87,239.0,48016.93,184.0,22274.28,83.0,5997.07,28.0,1571.17,1180.0,319918.0,650.0,339.0,26.0,2767.1428571428573,226311.08000000002,336.0,225009.2857142857
2026-01-23,3163.0,1033.0,2766.0,221791.56,338222.37,2022.0,104602.63,252.0,49634.29,246.0,25772.96,107.0,9600.51,56.0,17219.39,1130.0,222432.0,672.0,352.0,22.0,2764.1428571428573,228816.17714285717,343.2857142857143,225634.7142857143
2026-01-24,2703.0,910.0,2317.0,147621.42,560390.21,1727.0,56474.39,233.0,54089.3,121.0,15867.89,72.0,4009.35,85.0,3521.8,967.0,149195.0,588.0,332.0,18.0,2765.285714285714,222238.66142857145,347.42857142857144,219901.57142857142
2026-01-25,3323.0,1014.0,2818.0,205263.23,428308.75,2017.0,91156.66,312.0,61573.51,251.0,33483.95,102.0,4204.1,22.0,1509.59,1131.0,177947.0,659.0,389.0,25.0,2831.1428571428573,221262.58428571429,356.7142857142857,233413.57142857142
2026-01-26,3536.0,1120.0,2996.0,209154.67,2198531.53,2156.0,109737.0,323.0,46803.65,255.0,21423.97,80.0,4808.8,71.0,8871.96,1312.0,234075.0,744.0,410.0,31.0,2785.1428571428573,214397.77285714285,361.57142857142856,227075.2857142857
2026-01-27,3478.0,1063.0,2977.0,224453.18,458214.68,2183.0,134615.04,380.0,57443.25,202.0,19394.62,98.0,3752.69,37.0,2095.92,1187.0,200495.0,647.0,370.0,29.0,2829.4285714285716,214105.15571428573,364.14285714285717,223203.57142857142
2026-01-28,3708.0,1074.0,3221.0,205631.52,982727.78,2380.0,83406.52,386.0,83864.43,217.0,16668.94,63.0,3152.35,67.0,7534.28,1303.0,220201.5,660.0,382.0,30.0,2857.1428571428573,208445.49142857143,367.7142857142857,217751.92857142858
2026-01-29,3819.0,1070.0,3354.0,261368.93,718856.55,2491.0,119496.49,344.0,82089.79,291.0,28787.21,64.0,6269.81,41.0,10669.41,1229.0,224645.0,662.0,361.0,23.0,2921.285714285714,210754.93,370.85714285714283,204141.5
2026-01-30,3422.0,1011.0,3041.0,210419.59,421753.99,2381.0,70169.33,293.0,100445.76,183.0,18337.25,64.0,3101.63,34.0,6370.07,1117.0,203075.0,618.0,313.0,23.0,2960.5714285714284,209130.36285714287,365.2857142857143,201376.2142857143
2026-01-31,2968.0,956.0,2525.0,193661.16,243982.93,1748.0,68357.71,337.0,85969.22,207.0,18801.09,125.0,8932.19,31.0,3031.94,1037.0,199980.0,592.0,347.0,25.0,2990.285714285714,215707.4685714286,367.42857142857144,208631.2142857143
2026-02-01,2842.0,977.0,2402.0,160919.38,229065.27,1653.0,63659.53,248.0,49271.42,227.0,17494.81,126.0,10046.34,34.0,6989.59,1105.0,175461.0,625.0,377.0,29.0,2930.8571428571427,209372.63285714286,365.7142857142857,208276.07142857142
2026-02-02,3067.0,1040.0,2600.0,197292.98,329148.45,1853.0,92962.24,280.0,57337.8,243.0,20897.79,91.0,4299.84,31.0,6722.7,1152.0,305282.0,666.0,328.0,29.0,2874.285714285714,207678.10571428572,354.0,218448.5
2026-02-03,3708.0,1129.0,3201.0,227762.57,304370.14,2383.0,80960.84,314.0,94195.42,228.0,22528.07,77.0,4200.88,35.0,8927.4,1383.0,243176.36,732.0,434.0,30.0,2906.285714285714,208150.8757142857,363.14285714285717,224545.8371428571
2026-02-04,3880.0,1300.0,3325.0,243589.88,354841.2,2565.0,133420.4,262.0,49781.13,240.0,34647.07,113.0,6852.59,35.0,6795.23,1501.0,252290.0,875.0,484.0,21.0,2921.1428571428573,213573.49857142856,377.7142857142857,229129.90857142856
2026-02-05,3576.0,1189.0,3069.0,206081.16,505039.08,2358.0,115336.47,240.0,45247.21,229.0,17739.36,118.0,6779.53,22.0,3778.57,1258.0,216317.0,775.0,455.0,27.0,2880.4285714285716,205675.2457142857,391.14285714285717,227940.19428571427
2026-02-06,3418.0,1123.0,2675.0,161654.68,285169.25,1990.0,82924.79,188.0,31326.08,213.0,21979.17,147.0,9748.7,27.0,2127.86,1319.0,172982.4,715.0,405.0,26.0,2828.1428571428573,198708.83000000002,404.2857142857143,223641.25142857144
2026-02-07,2899.0,1016.0,2443.0,167060.35,310685.6,1829.0,74479.9,205.0,43094.15,170.0,16184.96,117.0,8601.13,23.0,4775.09,1082.0,157749.0,637.0,388.0,20.0,2816.4285714285716,194908.7142857143,410.14285714285717,217608.25142857144
2026-02-08,3109.0,1034.0,2582.0,167265.44,328471.8,1821.0,71737.07,277.0,51763.55,239.0,17434.13,126.0,7423.97,24.0,7737.02,1182.0,199063.0,665.0,406.0,34.0,2842.1428571428573,195815.2942857143,414.2857142857143,220979.9657142857
2026-02-09,3548.0,1114.0,3032.0,173973.27,353385.1,2261.0,86549.25,270.0,46270.63,260.0,14880.76,94.0,7525.92,28.0,4445.22,1312.0,199960.0,720.0,404.0,35.0,2903.8571428571427,192483.90714285715,425.14285714285717,205933.9657142857
2026-02-10,3607.0,1191.0,3068.0,206421.01,497105.21,2280.0,88331.93,330.0,49477.48,238.0,46175.18,102.0,6259.65,21.0,2243.54,1278.0,236849.0,755.0,422.0,26.0,2884.8571428571427,189435.11285714287,423.42857142857144,205030.05714285717
2026-02-11,3522.0,1140.0,2952.0,156824.25,1478766.13,2237.0,67799.11,258.0,38892.62,243.0,24546.63,88.0,7605.22,28.0,2641.4,1275.0,209469.0,721.0,428.0,36.0,2831.5714285714284,177040.02285714285,415.42857142857144,198912.77142857146
2026-02-12,3431.0,1114.0,2857.0,194122.51,494243.89,2088.0,69772.61,277.0,50350.72,247.0,38362.71,112.0,8800.55,32.0,5005.7,1205.0,206438.0,688.0,384.0,33.0,2801.285714285714,175331.64428571428,405.2857142857143,197501.48571428572
2026-02-13,3567.0,1164.0,2947.0,156782.65,650879.35,2280.0,63252.44,278.0,54175.84,223.0,15857.42,64.0,4261.8,15.0,1007.14,1229.0,199199.44,715.0,411.0,30.0,2840.1428571428573,174635.63999999998,406.14285714285717,201246.77714285714
2026-02-14,3233.0,1053.0,2638.0,174759.64,253568.73,1932.0,63632.65,282.0,63000.45,184.0,14926.86,109.0,4558.03,16.0,2882.91,1210.0,190184.0,678.0,402.0,28.0,2868.0,175735.53857142857,408.14285714285717,205880.34857142856
2026-02-15,3210.0,1080.0,2679.0,149488.72,221724.21,1992.0,70865.87,244.0,36663.67,178.0,18178.17,135.0,6368.65,33.0,4699.56,578.0,72322.0,356.0,416.0,24.0,2881.8571428571427,173196.00714285715,409.57142857142856,187774.49142857143
2026-02-16,3487.0,1178.0,2806.0,201399.18,503936.83,2031.0,82965.28,282.0,60154.4,262.0,24060.75,97.0,6394.02,34.0,3651.69,684.0,111219.0,415.0,428.0,29.0,2849.5714285714284,177113.9942857143,413.0,175097.2057142857
2026-02-17,3436.0,1161.0,2869.0,184293.16,325987.91,2147.0,82811.86,252.0,38746.92,236.0,26699.8,112.0,6760.59,30.0,3874.86,1211.0,201077.0,736.0,442.0,35.0,2821.1428571428573,173952.87285714288,415.85714285714283,169986.91999999998
2026-02-18,3321.0,1159.0,2751.0,180456.55,316617.72,2057.0,76364.27,257.0,50486.51,178.0,18223.11,109.0,6941.32,26.0,3248.52,1305.0,255061.0,765.0,426.0,36.0,2792.4285714285716,177328.91571428571,415.57142857142856,176500.06285714285
2026-02-19,3570.0,1086.0,3062.0,164764.17,367450.08,2341.0,82312.98,270.0,40270.94,226.0,20629.35,139.0,6147.47,21.0,1721.11,621.0,94314.0,372.0,406.0,26.0,2821.714285714286,173134.86714285714,418.7142857142857,160482.34857142856
2026-02-20,3554.0,1082.0,3023.0,166802.7,356019.97,2278.0,52553.1,234.0,37085.84,227.0,36708.22,137.0,5563.81,28.0,10030.71,624.0,106694.0,389.0,388.0,20.0,2832.5714285714284,174566.30285714287,415.42857142857144,147267.2857142857
2026-02-21,2986.0,995.0,2561.0,153083.16,262115.47,1781.0,45995.28,273.0,44231.86,211.0,22479.53,158.0,11782.04,32.0,3982.46,1013.0,165069.0,599.0,383.0,21.0,2821.5714285714284,171469.66285714283,412.7142857142857,143679.42857142858
2026-02-22,2678.0,917.0,2213.0,159627.25,271718.58,1592.0,55560.03,204.0,55242.67,168.0,23060.9,102.0,5911.52,29.0,3022.0,1022.0,170339.0,575.0,339.0,20.0,2755.0,172918.0242857143,401.7142857142857,157681.85714285713
2026-02-23,3109.0,1038.0,2638.0,183590.71,1087846.6,1819.0,68106.3,278.0,43046.56,280.0,34629.11,137.0,8465.76,27.0,10323.88,1140.0,197732.0,672.0,422.0,31.0,2731.0,170373.95714285717,400.85714285714283,170040.85714285713
2026-02-24,3299.0,1133.0,2816.0,154885.54,344774.75,2024.0,58458.88,246.0,37955.65,308.0,28557.53,122.0,6865.49,30.0,4714.14,1224.0,173201.0,716.0,416.0,26.0,2723.4285714285716,166172.86857142858,397.14285714285717,166058.57142857142
2026-02-25,3388.0,1091.0,2866.0,186845.23,424020.09,2068.0,69163.55,322.0,74710.62,218.0,15678.81,119.0,6726.32,43.0,6369.49,1221.0,220008.0,691.0,408.0,21.0,2739.8571428571427,167085.53714285715,394.57142857142856,161051.0
2026-02-26,3512.0,1034.0,3036.0,165656.43,317817.5,2142.0,56542.02,287.0,48469.62,337.0,36188.46,130.0,7615.66,40.0,3526.7,1108.0,172712.0,659.0,353.0,39.0,2736.1428571428573,167213.00285714286,387.0,172250.7142857143
2026-02-27,3691.0,1084.0,3121.0,195160.86,412623.27,2335.0,54795.04,234.0,68718.7,296.0,39178.33,97.0,9196.18,27.0,2503.42,1250.0,227211.0,652.0,418.0,27.0,2750.1428571428573,171264.16857142857,391.2857142857143,189467.42857142858
2026-02-28,3052.0,1025.0,2466.0,153658.42,262570.41,1825.0,53349.24,177.0,41730.16,232.0,23755.48,101.0,14165.02,41.0,3491.24,1085.0,180487.0,650.0,382.0,20.0,2736.5714285714284,171346.34857142856,391.14285714285717,191670.0
2026-03-01,2819.0,1065.0,2314.0,137059.16,238586.49,1673.0,54230.81,172.0,32679.19,215.0,17764.84,92.0,5172.21,31.0,2815.26,1087.0,148362.67,653.0,422.0,26.0,2751.0,168122.33571428573,403.0,188530.5242857143
2026-03-02,3657.0,1181.0,3113.0,227834.48,340307.83,2285.0,110043.36,271.0,37669.23,300.0,35490.34,109.0,20917.87,30.0,3109.1,1250.0,239503.0,742.0,424.0,20.0,2818.8571428571427,174442.8742857143,403.2857142857143,194497.81
2026-03-03,3157.0,1058.0,2682.0,136557.12,210897.8,1959.0,53420.88,245.0,35385.79,228.0,17160.72,103.0,5964.36,29.0,8965.27,1135.0,157050.0,672.0,370.0,19.0,2799.714285714286,171824.52857142856,396.7142857142857,192190.5242857143
2026-03-04,3371.0,1073.0,2829.0,243003.55,442389.52,1965.0,88628.98,259.0,43504.04,292.0,30937.11,147.0,19482.37,35.0,2778.89,542.0,103203.0,364.0,361.0,29.0,2794.4285714285716,179847.14571428573,390.0,175504.0957142857
2026-03-05,3532.0,1103.0,2980.0,215483.05,371782.91,2179.0,89523.65,261.0,63042.52,321.0,23254.13,85.0,14091.82,32.0,5131.74,1274.0,258926.0,726.0,414.0,24.0,2786.4285714285716,186965.2342857143,398.7142857142857,187820.38142857142
2026-03-06,3494.0,1043.0,2941.0,177270.0,698636.67,2018.0,50283.37,354.0,68230.92,309.0,22518.2,125.0,12498.36,25.0,6508.31,561.0,110836.0,353.0,375.0,21.0,2760.714285714286,184409.39714285714,392.57142857142856,171195.38142857142
2026-03-07,3015.0,970.0,2552.0,166904.0,382400.32,1739.0,64589.12,301.0,59979.16,285.0,17889.32,109.0,10311.36,27.0,1860.44,1055.0,185950.0,633.0,344.0,19.0,2773.0,186301.62285714288,387.14285714285717,171975.81
2026-03-08,3550.0,1133.0,3008.0,169289.32,246403.92,2097.0,70819.41,316.0,46162.71,303.0,25272.87,113.0,5704.3,47.0,2023.71,1303.0,172758.97,705.0,394.0,27.0,2872.1428571428573,190905.93142857144,383.14285714285717,175460.9957142857
2026-03-09,3246.0,1061.0,2667.0,175361.22,407744.85,1854.0,66541.94,307.0,46585.84,253.0,24790.63,111.0,17889.37,48.0,4350.6,1198.0,190525.0,648.0,379.0,35.0,2808.4285714285716,183409.75142857138,376.7142857142857,168464.13857142857
2026-03-10,3834.0,1076.0,3267.0,217841.27,346854.29,2395.0,96590.93,311.0,56551.76,287.0,20612.75,110.0,14152.33,49.0,4847.41,1265.0,241972.0,678.0,369.0,32.0,2892.0,195021.77285714285,376.57142857142856,180595.85285714286
2026-03-11,3303.0,1082.0,2818.0,171049.26,328686.3,2003.0,67873.78,261.0,37567.25,307.0,31127.81,112.0,10149.74,18.0,1696.69,1135.0,200665.0,667.0,376.0,27.0,2890.4285714285716,184742.58857142855,378.7142857142857,194518.9957142857
2026-03-12,3318.0,1074.0,2799.0,172275.22,280845.18,1890.0,47457.41,345.0,53487.82,262.0,24041.32,134.0,5939.76,44.0,10057.17,894.0,144830.0,513.0,377.0,21.0,2864.5714285714284,178570.04142857142,373.42857142857144,178219.56714285715
2026-03-13,3181.0,1073.0,2656.0,173619.59,356208.29,1840.0,47598.75,316.0,62189.69,253.0,38798.05,118.0,6178.83,32.0,4634.65,940.0,155736.0,532.0,389.0,20.0,2823.8571428571427,178048.55428571426,375.42857142857144,184633.85285714286
2026-03-14,2712.0,922.0,2260.0,132548.88,327747.16,1557.0,30647.52,210.0,47995.17,253.0,25232.73,109.0,9796.81,16.0,1177.45,895.0,141986.0,543.0,344.0,21.0,2782.1428571428573,173140.68,375.42857142857144,178353.2814285714
2026-03-15,2640.0,879.0,2199.0,140226.71,664460.03,1471.0,40189.15,256.0,51502.97,208.0,18075.43,154.0,7681.6,21.0,5168.07,436.0,65496.81,244.0,344.0,23.0,2666.5714285714284,168988.87857142856,368.2857142857143,163030.11571428573
2026-03-16,3166.0,1026.0,2671.0,173976.7,271751.54,1780.0,50491.27,295.0,54993.88,288.0,35630.27,121.0,6372.27,69.0,7031.84,1149.0,190944.2,663.0,364.0,14.0,2667.1428571428573,168791.09,366.14285714285717,163090.00142857144
2026-03-17,3717.0,1003.0,3131.0,198988.03,899246.3,2168.0,70613.35,305.0,68363.15,365.0,25924.34,164.0,7511.63,24.0,3561.11,1153.0,207856.0,643.0,339.0,22.0,2647.714285714286,166097.77,361.85714285714283,158216.28714285715
2026-03-18,3193.0,1097.0,2702.0,213665.32,306427.09,1932.0,106081.11,300.0,48552.13,211.0,20610.81,136.0,8279.95,20.0,4250.45,1204.0,230415.0,739.0,346.0,18.0,2631.1428571428573,172185.77857142856,357.57142857142856,162466.28714285715
2026-03-19,3021.0,947.0,2555.0,166234.76,232380.98,1767.0,61922.88,246.0,43492.45,293.0,28774.6,93.0,6147.73,35.0,4383.28,1054.0,169975.0,603.0,308.0,21.0,2596.285714285714,171322.85571428572,347.7142857142857,166058.43
2026-03-20,3116.0,989.0,2700.0,208847.58,318082.12,1921.0,73966.8,221.0,59069.46,295.0,36431.45,90.0,6290.35,20.0,4573.26,1044.0,222050.0,620.0,305.0,20.0,2602.5714285714284,176355.42571428572,335.7142857142857,175531.85857142857
2026-03-21,2421.0,819.0,2060.0,180738.31,251483.81,1398.0,70675.76,243.0,55045.64,196.0,28684.81,111.0,5495.15,32.0,4404.8,813.0,178559.0,506.0,275.0,10.0,2574.0,183239.62999999998,325.85714285714283,180756.57285714286
2026-03-22,2492.0,811.0,2073.0,134819.43,209586.14,1392.0,52324.18,249.0,41086.57,186.0,16011.56,148.0,8837.57,25.0,2641.86,833.0,133230.0,501.0,306.0,13.0,2556.0,182467.16142857142,320.42857142857144,190432.74285714285
2026-03-23,3066.0,1054.0,2562.0,284842.47,2111060.98,1752.0,100896.66,235.0,51729.12,272.0,28919.98,135.0,7648.63,35.0,23976.37,1165.0,292679.0,675.0,385.0,23.0,2540.4285714285716,198305.12857142856,323.42857142857144,204966.2857142857
2026-03-24,3074.0,998.0,2569.0,191089.56,2494143.53,1740.0,85421.3,247.0,49262.6,285.0,22945.02,132.0,9856.49,39.0,8615.11,1066.0,215184.0,638.0,354.0,27.0,2460.1428571428573,197176.7757142857,325.57142857142856,206013.14285714287
2026-03-25,3137.0,971.0,2647.0,172917.95,259452.24,1849.0,66455.47,244.0,45667.06,308.0,31396.79,122.0,7237.25,27.0,3555.49,1077.0,181863.67,596.0,344.0,20.0,2452.285714285714,191355.72285714283,325.2857142857143,199077.23857142855
2026-03-26,3139.0,948.0,2684.0,175550.31,362917.87,1869.0,59112.7,218.0,47688.1,345.0,37375.2,120.0,6458.73,28.0,3922.99,704.0,141867.0,453.0,324.0,17.0,2470.714285714286,192686.5157142857,327.57142857142856,195061.81
2026-03-27,3197.0,946.0,2762.0,182731.36,247044.86,2018.0,68966.49,199.0,42713.1,279.0,28145.06,97.0,6615.09,35.0,5402.67,92.0,15578.0,66.0,313.0,13.0,2479.5714285714284,188955.62714285715,328.7142857142857,165565.81
2026-03-28,2619.0,864.0,2176.0,148853.22,457764.25,1504.0,40368.45,222.0,54828.88,237.0,21138.05,91.0,9314.71,21.0,1850.05,918.0,148725.0,561.0,318.0,13.0,2496.1428571428573,184400.61428571428,334.85714285714283,161303.81
2026-03-29,2727.0,881.0,2229.0,130811.8,238273.1,1587.0,47400.88,169.0,29256.63,254.0,21609.26,100.0,8280.35,32.0,6987.6,901.0,135614.0,557.0,352.0,12.0,2518.4285714285716,183828.0957142857,341.42857142857144,161644.38142857142
2026-03-30,3182.0,994.0,2682.0,206298.57,292085.94,1805.0,81631.59,270.0,64637.74,340.0,28736.97,131.0,7076.06,35.0,3649.04,1037.0,214015.61,635.0,359.0,16.0,2535.5714285714284,172607.53857142857,337.7142857142857,150406.7542857143
2026-03-31,3122.0,981.0,2620.0,184638.53,18519021.3,1821.0,66435.28,213.0,49630.02,307.0,34476.42,112.0,9334.44,38.0,6338.63,1024.0,181817.0,636.0,376.0,21.0,2542.8571428571427,171685.96285714285,340.85714285714283,145640.04
2026-04-01,3319.0,1036.0,2740.0,218490.44,579704.17,1923.0,102724.03,243.0,44151.81,270.0,30778.67,115.0,6220.42,76.0,10871.89,1054.0,252579.0,650.0,342.0,23.0,2556.1428571428573,178196.31857142856,340.57142857142856,155742.22999999998
2026-04-02,2869.0,948.0,2425.0,162453.04,285357.63,1706.0,50346.53,205.0,44479.38,285.0,38588.39,85.0,4648.69,23.0,5232.24,937.0,169287.0,588.0,305.0,9.0,2519.1428571428573,176325.28,337.85714285714283,159659.37285714285
2026-04-03,3062.0,937.0,2504.0,202803.85,325696.54,1678.0,53780.84,278.0,60080.76,263.0,38759.15,126.0,11272.07,61.0,20182.81,1046.0,213938.1,590.0,331.0,18.0,2482.285714285714,179192.7785714286,340.42857142857144,187996.53
2026-04-04,2492.0,858.0,2099.0,150399.07,482481.85,1378.0,56621.81,229.0,43479.86,255.0,25841.23,119.0,5494.71,36.0,8236.8,878.0,218078.0,537.0,300.0,16.0,2471.285714285714,179413.61428571428,337.85714285714283,197904.10142857142
2026-04-05,2387.0,787.0,1992.0,145844.87,214916.98,1265.0,40120.61,261.0,50788.11,236.0,28843.79,143.0,7020.46,33.0,7834.24,871.0,149482.0,508.0,283.0,17.0,2437.4285714285716,181561.19571428574,328.0,199885.2442857143
2026-04-06,2769.0,949.0,2285.0,211144.62,368152.6,1548.0,69264.26,210.0,39847.16,279.0,61382.87,109.0,6397.04,32.0,12055.77,965.0,234669.0,604.0,315.0,23.0,2380.714285714286,182253.4885714286,321.7142857142857,202835.7285714286
2026-04-07,2718.0,940.0,2287.0,196191.75,268118.17,1529.0,48344.97,236.0,71039.2,260.0,44694.42,123.0,7352.04,41.0,7198.36,939.0,236194.0,580.0,333.0,18.0,2333.1428571428573,183903.9485714286,315.57142857142856,210603.87142857144
2026-04-08,3049.0,946.0,2626.0,210211.43,287244.98,1885.0,93210.28,245.0,55167.81,262.0,34243.04,90.0,5334.37,26.0,2132.17,950.0,216109.0,589.0,302.0,24.0,2316.8571428571427,182721.23285714287,309.85714285714283,205393.87142857144
2026-04-09,2848.0,904.0,2388.0,168074.96,380785.46,1681.0,56570.75,226.0,49940.22,274.0,37116.21,96.0,4552.77,37.0,4632.09,864.0,161792.0,526.0,299.0,16.0,2311.5714285714284,183524.36428571428,309.0,204323.15714285715
2026-04-10,2899.0,891.0,2352.0,150115.71,256716.35,1589.0,44435.91,226.0,50002.32,259.0,22270.13,137.0,7229.62,43.0,4979.14,1033.0,164081.0,568.0,295.0,24.0,2289.8571428571427,175997.48714285714,303.85714285714283,197200.7142857143
2026-04-11,2712.0,779.0,2234.0,146644.08,246247.7,1490.0,36177.91,222.0,54498.39,287.0,19745.41,118.0,6592.97,34.0,7114.07,922.0,154302.0,499.0,268.0,14.0,2309.1428571428573,175461.06,299.2857142857143,188089.85714285713
2026-04-12,2703.0,861.0,2219.0,142456.06,11582573.81,1600.0,45205.25,188.0,33612.8,206.0,20572.88,93.0,4687.72,26.0,3282.6,910.0,214023.0,536.0,329.0,4.0,2341.5714285714284,174976.94428571427,305.85714285714283,197310.0
2026-04-13,3214.0,901.0,2770.0,176883.8,259896.39,2000.0,63112.65,221.0,58076.07,354.0,34523.54,84.0,5422.65,25.0,3849.81,959.0,182344.0,569.0,327.0,17.0,2410.8571428571427,170082.54142857142,307.57142857142856,189835.0
2026-04-14,3004.0,893.0,2517.0,174839.35,317849.89,1676.0,59811.32,249.0,53326.09,300.0,31585.18,135.0,6547.74,45.0,6500.84,1005.0,202585.0,557.0,324.0,17.0,2443.714285714286,167032.19857142857,306.2857142857143,185033.7142857143
2026-04-15,3373.0,990.0,2899.0,172046.47,652542.12,2024.0,56075.56,263.0,49660.13,350.0,36241.07,98.0,9486.19,32.0,7810.96,1026.0,183367.0,603.0,320.0,12.0,2482.714285714286,161580.0614285714,308.85714285714283,180356.2857142857
2026-04-16,2897.0,895.0,2450.0,188546.89,303026.97,1605.0,60852.83,267.0,80153.8,310.0,25431.25,128.0,6525.6,29.0,7155.54,1018.0,194591.0,536.0,321.0,13.0,2491.5714285714284,164504.62285714285,312.0,185041.85714285713
2026-04-17,2917.0,898.0,2519.0,182599.41,280069.17,1754.0,58043.29,247.0,52594.26,223.0,33534.24,106.0,4482.24,37.0,9064.29,445.0,75908.0,276.0,309.0,11.0,2515.4285714285716,169145.15142857144,314.0,172445.7142857143
2026-04-18,2358.0,840.0,1883.0,132396.87,507216.91,1261.0,40817.04,189.0,39208.13,179.0,21958.7,108.0,9935.97,29.0,6021.36,882.0,153745.0,550.0,307.0,19.0,2465.285714285714,167109.8357142857,319.57142857142856,172366.14285714287
2026-04-19,2863.0,896.0,2335.0,154248.66,240423.69,1625.0,55456.5,223.0,46585.44,255.0,19205.24,110.0,14291.76,12.0,3026.72,987.0,170301.0,583.0,342.0,24.0,2481.8571428571427,168794.49285714285,321.42857142857144,166120.14285714287
2026-04-20,2998.0,939.0,2481.0,139223.53,221252.67,1717.0,48847.12,209.0,34865.77,289.0,27255.42,106.0,6606.14,36.0,3886.58,996.0,154086.4,587.0,318.0,24.0,2440.5714285714284,163414.45428571428,320.14285714285717,162083.34285714285
2026-04-21,3198.0,936.0,2666.0,206937.6,313680.07,1805.0,76609.92,318.0,55346.32,250.0,29457.52,101.0,6264.29,29.0,9766.13,1021.0,210071.0,590.0,327.0,14.0,2461.8571428571427,167999.91857142857,320.57142857142856,163152.7714285714
2026-04-22,3155.0,945.0,2611.0,174373.27,1335531.06,1758.0,64793.65,291.0,50037.7,292.0,29079.76,90.0,5763.03,23.0,2398.84,951.0,193898.33,590.0,307.0,32.0,2420.714285714286,168332.31857142856,318.7142857142857,164657.24714285714
2026-04-23,3065.0,973.0,2544.0,195196.94,290877.46,1810.0,69622.26,247.0,58911.38,209.0,32591.65,102.0,10557.01,27.0,5451.25,1014.0,207747.59,604.0,349.0,23.0,2434.1428571428573,169282.32571428572,322.7142857142857,166536.76
2026-04-24,3189.0,953.0,2646.0,187939.33,308014.35,1744.0,50959.8,344.0,55586.87,326.0,52295.28,81.0,6115.83,22.0,3210.3,670.0,121042.0,384.0,310.0,18.0,2452.285714285714,170045.17142857143,322.85714285714283,172984.4742857143
2026-04-25,2516.0,836.0,2038.0,144290.85,229259.88,1335.0,61601.05,221.0,41431.54,194.0,18913.59,117.0,5758.64,16.0,1418.08,621.0,103363.0,415.0,296.0,22.0,2474.4285714285716,171744.31142857144,321.2857142857143,165787.04571428572
2026-04-26,2634.0,899.0,2104.0,149443.43,18491401.97,1333.0,47113.73,263.0,60037.02,205.0,23150.25,162.0,4683.32,21.0,3163.64,892.0,150728.0,571.0,341.0,26.0,2441.4285714285716,171057.85,321.14285714285717,162990.90285714288
2026-04-27,3415.0,1053.0,2849.0,192008.47,834888.25,1892.0,63254.52,324.0,52825.08,314.0,45409.58,127.0,7390.45,32.0,3936.59,535.0,74033.0,325.0,342.0,15.0,2494.0,178598.5557142857,324.57142857142856,151554.70285714284
2026-04-28,3095.0,966.0,2585.0,197206.88,313742.03,1721.0,62350.77,311.0,59261.13,236.0,36262.17,127.0,14252.69,28.0,6762.42,1098.0,218506.0,633.0,333.0,20.0,2482.4285714285716,177208.45285714284,325.42857142857144,152759.70285714284
2026-04-29,3229.0,976.0,2703.0,157462.19,411022.3,1763.0,57245.92,257.0,46263.11,347.0,29038.83,144.0,9389.49,34.0,3214.03,1010.0,160930.0,598.0,320.0,13.0,2495.5714285714284,174792.58428571429,327.2857142857143,148049.94142857142
2026-04-30,3416.0,938.0,2911.0,183923.84,510396.86,1895.0,55744.99,286.0,65290.79,405.0,36347.59,104.0,4352.76,33.0,4358.31,1077.0,218915.0,601.0,330.0,14.0,2548.0,173182.14142857143,324.57142857142856,149645.2857142857
2026-05-01,2646.0,861.0,2216.0,151222.64,305520.83,1499.0,45207.49,282.0,66458.74,182.0,18819.52,118.0,6059.0,28.0,6891.75,926.0,161505.0,530.0,270.0,18.0,2486.5714285714284,167936.9,318.85714285714283,155425.7142857143
2026-05-02,2371.0,835.0,1980.0,162978.35,286933.46,1231.0,41681.64,321.0,66564.29,167.0,22089.34,106.0,5941.7,24.0,5462.9,323.0,49067.0,197.0,300.0,7.0,2478.285714285714,170606.54285714286,319.42857142857144,147669.14285714287
2026-05-03,2437.0,828.0,2055.0,133579.22,192949.89,1391.0,49415.5,222.0,41301.9,189.0,21523.66,108.0,8346.79,28.0,2405.14,879.0,147176.0,541.0,289.0,19.0,2471.285714285714,168340.22714285715,312.0,147161.7142857143
2026-05-04,3026.0,957.0,2555.0,207077.99,274874.35,1611.0,74526.15,355.0,68175.39,322.0,41408.36,90.0,6132.68,30.0,4223.25,316.0,55916.0,206.0,332.0,11.0,2429.285714285714,170493.01571428572,310.57142857142856,144573.57142857142
2026-05-05,2610.0,819.0,1894.0,150470.3,261378.38,1231.0,50237.43,222.0,50801.11,208.0,26413.7,82.0,4208.9,18.0,2488.62,344.0,48475.0,213.0,281.0,23.0,2330.5714285714284,163816.36142857143,303.14285714285717,120283.42857142857
2026-05-06,2729.0,898.0,2244.0,188813.73,505694.72,1514.0,58427.13,319.0,64327.82,205.0,50460.87,78.0,5876.14,20.0,3168.0,913.0,198983.0,542.0,291.0,18.0,2265.0,168295.15285714288,299.0,125719.57142857143
2026-05-07,2799.0,880.0,2361.0,220480.87,348496.66,1499.0,61611.07,340.0,89127.15,258.0,27753.87,92.0,6964.24,23.0,2014.58,959.0,224590.0,565.0,276.0,12.0,2186.4285714285716,173517.58571428573,291.2857142857143,126530.28571428571
2026-05-08,2701.0,887.0,2312.0,208735.14,393297.38,1490.0,52385.08,327.0,106813.76,241.0,19303.37,77.0,4243.14,22.0,3082.82,968.0,218654.0,548.0,291.0,19.0,2200.1428571428573,181733.65714285715,294.2857142857143,134694.42857142858
2026-05-09,2516.0,810.0,2050.0,146227.56,329813.17,1267.0,27502.79,247.0,61182.32,265.0,29774.96,109.0,7536.0,32.0,5493.35,927.0,168830.0,524.0,267.0,5.0,2210.1428571428573,179340.68714285715,289.57142857142856,151803.42857142858
2026-05-10,2373.0,820.0,1955.0,145608.31,359328.27,1202.0,50974.23,234.0,51071.14,227.0,20010.67,125.0,6680.95,21.0,4139.12,972.0,156450.0,532.0,285.0,15.0,2195.8571428571427,181059.12857142856,289.0,153128.2857142857
2026-05-11,2574.0,856.0,2168.0,156696.05,429849.52,1465.0,43893.35,246.0,52727.29,246.0,35720.62,81.0,6498.13,17.0,1848.95,969.0,164983.0,526.0,290.0,17.0,2140.5714285714284,173861.70857142858,283.0,168709.2857142857
2026-05-12,2678.0,881.0,2249.0,149130.73,344456.19,1479.0,47370.19,270.0,55174.17,215.0,22016.56,123.0,6406.96,31.0,2493.34,968.0,160963.0,556.0,293.0,15.0,2191.285714285714,173670.3414285714,284.7142857142857,184779.0
2026-05-13,2671.0,918.0,2125.0,222831.78,2930618.9,1375.0,72647.76,253.0,90480.37,225.0,36139.27,81.0,5728.12,38.0,6695.71,903.0,221871.0,557.0,277.0,11.0,2174.285714285714,178530.06285714285,282.7142857142857,188048.7142857143
2026-05-14,2711.0,901.0,2205.0,194332.03,487033.0,1313.0,76507.74,292.0,63345.45,260.0,19596.21,115.0,11175.64,58.0,11196.66,914.0,197570.0,547.0,297.0,25.0,2152.0,174794.5142857143,285.7142857142857,184188.7142857143
2026-05-15,2674.0,835.0,2284.0,201098.37,440938.81,1512.0,54883.03,246.0,44509.51,245.0,61997.92,60.0,7670.45,38.0,7457.62,824.0,222629.0,488.0,271.0,14.0,2148.0,173703.54714285716,282.85714285714283,184756.57142857142
2026-05-16,2238.0,746.0,1844.0,146778.7,231199.95,1188.0,32009.81,201.0,49995.64,177.0,27725.64,86.0,5781.41,70.0,8983.7,780.0,153329.0,462.0,252.0,6.0,2118.5714285714284,173782.2814285714,280.7142857142857,182542.14285714287
2026-05-17,2014.0,752.0,1616.0,137181.14,721484.31,994.0,61942.01,206.0,37374.02,168.0,21367.11,107.0,5087.42,36.0,4108.26,790.0,129310.0,475.0,249.0,14.0,2070.1428571428573,172578.4,275.57142857142856,178665.0
2026-05-18,2763.0,922.0,2291.0,161890.43,825684.52,1488.0,55221.29,299.0,48846.53,240.0,24729.89,94.0,9344.76,35.0,6640.33,989.0,181460.0,586.0,276.0,16.0,2087.714285714286,173320.4542857143,273.57142857142856,181018.85714285713
2026-05-19,2660.0,829.0,2237.0,156645.65,234770.75,1508.0,56195.75,233.0,46345.86,220.0,30778.62,102.0,5652.23,37.0,6854.43,867.0,166212.0,504.0,270.0,12.0,2086.0,174394.0142857143,270.2857142857143,181768.7142857143
2026-05-20,2655.0,888.0,2259.0,176476.03,395597.73,1480.0,41621.18,274.0,65417.9,234.0,31064.54,79.0,9166.83,39.0,15886.85,908.0,169616.0,537.0,277.0,18.0,2105.1428571428573,167771.7642857143,270.2857142857143,174303.7142857143
2026-05-21,2594.0,903.0,2109.0,232019.55,321550.14,1367.0,86998.7,291.0,79190.48,212.0,35081.4,64.0,6892.19,23.0,5962.22,950.0,231333.0,565.0,325.0,12.0,2091.4285714285716,173155.69571428574,274.2857142857143,179127.0
2026-05-22,2595.0,774.0,2146.0,146450.15,446652.44,1479.0,65297.53,250.0,44375.65,180.0,17835.96,61.0,3049.47,28.0,6836.51,858.0,155460.0,468.0,236.0,15.0,2071.714285714286,165348.80714285714,269.2857142857143,169531.42857142858
2026-05-23,2189.0,739.0,1810.0,102942.18,179567.12,1125.0,32383.4,286.0,34119.51,143.0,12707.38,102.0,4579.66,29.0,9387.87,769.0,111088.0,463.0,243.0,10.0,2066.8571428571427,159086.44714285713,268.0,163497.0
2026-05-24,2505.0,807.0,2101.0,134285.13,545192.05,1400.0,46856.01,282.0,45358.3,179.0,21922.45,124.0,8455.19,19.0,2607.84,918.0,140063.0,507.0,259.0,11.0,2136.1428571428573,158672.73142857142,269.42857142857144,165033.14285714287
2026-05-25,2952.0,909.0,2481.0,156602.68,241836.97,1717.0,43390.78,295.0,59698.67,209.0,25845.24,72.0,7475.5,26.0,6977.43,1028.0,181140.0,554.0,294.0,13.0,2163.285714285714,157917.33857142858,272.0,164987.42857142858
2026-05-26,2753.0,852.0,2286.0,158964.44,226930.36,1607.0,48469.31,250.0,48824.35,232.0,35728.49,63.0,8063.6,30.0,6014.89,943.0,155653.0,543.0,261.0,11.0,2170.285714285714,158248.59428571427,270.7142857142857,163479.0
2026-05-27,2944.0,923.0,2430.0,175451.82,519037.09,1653.0,66890.91,289.0,44117.85,225.0,20481.62,76.0,7427.08,29.0,6021.19,1023.0,169944.0,587.0,299.0,12.0,2194.714285714286,158102.27857142856,273.85714285714283,163525.85714285713
2026-05-28,2831.0,866.0,2355.0,147327.44,1412519.79,1657.0,48779.16,230.0,43676.67,188.0,27424.13,50.0,5342.82,29.0,4623.47,946.0,153454.0,546.0,287.0,20.0,2229.8571428571427,146003.40571428573,268.42857142857144,152400.2857142857
2026-05-29,2636.0,862.0,2207.0,158699.85,226500.81,1423.0,54973.26,301.0,48531.58,178.0,20480.44,74.0,5790.61,48.0,8009.62,971.0,178126.0,548.0,254.0,14.0,2238.5714285714284,147753.36285714287,271.0,155638.2857142857
2026-05-30,2539.0,739.0,2163.0,132703.86,357240.07,1236.0,42890.84,274.0,39818.01,354.0,32840.57,88.0,4572.06,43.0,3644.99,803.0,138208.0,454.0,250.0,11.0,2289.0,152005.0314285714,272.0,159512.57142857142
2026-05-31,2484.0,767.0,2114.0,127227.46,1367129.31,1327.0,56070.71,310.0,39527.33,199.0,12382.74,106.0,6503.96,23.0,3084.2,846.0,131462.0,499.0,277.0,11.0,2290.8571428571427,150996.79285714286,274.57142857142856,158283.85714285713
2026-06-01,2553.0,856.0,2156.0,132021.4,229862.25,1418.0,42748.02,253.0,41187.46,229.0,15232.38,92.0,7713.22,31.0,7686.79,852.0,138210.0,524.0,264.0,7.0,2244.4285714285716,147485.18142857144,270.2857142857143,152151.0
2026-06-02,2406.0,813.0,2027.0,137998.58,46563008.08,1335.0,51800.6,246.0,39736.39,212.0,19674.44,95.0,8505.98,35.0,8623.84,832.0,161401.62,499.0,262.0,10.0,2207.4285714285716,144490.05857142858,270.42857142857144,152972.23142857145
2026-06-03,2272.0,776.0,1968.0,155930.62,235879.3,1352.0,40759.79,222.0,68129.13,211.0,30829.23,49.0,2782.63,22.0,4362.67,705.0,154183.0,439.0,231.0,13.0,2141.4285714285716,141701.3157142857,260.7142857142857,150720.66
2026-06-04,2457.0,764.0,2095.0,135529.57,202455.43,1493.0,43654.24,257.0,46054.85,153.0,17320.1,64.0,4546.32,25.0,11313.05,802.0,141526.0,465.0,241.0,15.0,2104.285714285714,140015.90571428573,254.14285714285714,149016.66
2026-06-05,2269.0,730.0,1924.0,111832.58,184254.59,1311.0,34601.87,221.0,40953.33,171.0,16469.53,93.0,4783.29,16.0,3556.97,658.0,113790.0,406.0,218.0,9.0,2063.8571428571427,133320.58142857143,249.0,139825.80285714284
2026-06-06,1699.0,589.0,1431.0,102404.78,189375.49,893.0,19333.69,163.0,39817.26,172.0,27844.76,58.0,4141.1,15.0,2029.72,627.0,118747.0,359.0,194.0,11.0,1959.2857142857142,128992.14142857143,241.0,137045.66
2026-06-07,1995.0,680.0,1675.0,119839.41,200861.06,1063.0,38566.47,194.0,34243.34,147.0,23129.17,105.0,4722.14,63.0,10810.68,703.0,113605.0,418.0,223.0,13.0,1896.5714285714287,127936.70571428572,233.28571428571428,134494.66
2026-06-08,2717.0,778.0,2118.0,124448.68,221332.91,1428.0,36975.48,246.0,48674.36,216.0,22396.85,74.0,4046.37,24.0,3011.92,740.0,138580.0,477.0,267.0,15.0,1891.142857142857,126854.88857142857,233.71428571428572,134547.51714285713
2026-06-09,2874.0,783.0,2004.0,116222.03,206402.2,1306.0,33770.3,256.0,38609.89,223.0,23455.22,79.0,4572.74,27.0,8470.22,724.0,118982.0,453.0,248.0,12.0,1887.857142857143,123743.95285714287,231.71428571428572,128487.57142857143
2026-06-10,3059.0,804.0,2138.0,132180.32,201757.92,1319.0,37663.03,253.0,47301.24,336.0,20596.42,93.0,5750.01,17.0,9122.43,799.0,131267.0,470.0,316.0,12.0,1912.142857142857,120351.05285714287,243.85714285714286,125213.85714285714
2026-06-11,2970.0,788.0,2037.0,136810.14,207477.4,1336.0,45209.42,273.0,56546.37,152.0,14939.34,102.0,7774.7,26.0,3596.05,793.0,158166.61,492.0,263.0,7.0,1903.857142857143,120533.99142857142,247.0,127591.08714285714
2026-06-12,2886.0,718.0,1684.0,87149.75,243909.31,1078.0,28535.97,237.0,33290.29,129.0,13938.03,68.0,3341.49,13.0,1262.48,708.0,103858.0,442.0,243.0,23.0,1869.5714285714287,117007.87285714287,250.57142857142858,126172.23
2026-06-13,2810.0,698.0,1468.0,104982.29,400475.69,904.0,47261.02,206.0,31784.96,145.0,8279.55,81.0,5808.49,14.0,3860.18,742.0,132015.0,412.0,235.0,19.0,1874.857142857143,117376.08857142857,256.42857142857144,128067.65857142858
2026-06-14,2579.0,717.0,1460.0,91407.2,190353.85,911.0,30387.5,199.0,30736.07,168.0,16532.07,67.0,5006.08,14.0,1915.19,774.0,92497.0,418.0,241.0,24.0,1844.142857142857,113314.34428571428,259.0,125052.23
2026-06-15,2995.0,859.0,2217.0,119344.38,225893.25,1440.0,41142.54,327.0,42542.02,180.0,12555.0,78.0,6981.63,32.0,5073.36,893.0,143398.0,515.0,289.0,11.0,1858.2857142857142,112585.15857142859,262.14285714285717,125740.5157142857
2026-06-16,2937.0,801.0,2024.0,157497.5,299639.1,1396.0,50570.32,249.0,73909.09,163.0,13838.93,89.0,7869.5,14.0,3321.57,661.0,176949.0,404.0,255.0,13.0,1861.142857142857,118481.65428571429,263.14285714285717,134021.51571428572
2026-06-17,2862.0,733.0,1914.0,133355.24,291326.39,1195.0,44446.79,234.0,54468.09,310.0,16414.61,72.0,3419.42,16.0,6680.89,339.0,83847.0,226.0,232.0,11.0,1829.142857142857,118649.5,251.14285714285714,127247.23
2026-06-18,2798.0,778.0,1813.0,132243.85,220885.65,1251.0,48408.47,228.0,46539.57,122.0,10491.32,87.0,3236.9,13.0,1950.47,713.0,165174.0,451.0,258.0,10.0,1797.142857142857,117997.17285714287,250.42857142857142,128248.28571428571
2026-06-19,2535.0,723.0,1826.0,129248.77,484446.91,1185.0,39447.25,264.0,56377.09,182.0,16066.08,75.0,6008.32,17.0,5620.0,738.0,134562.0,429.0,216.0,15.0,1817.4285714285713,124011.31857142856,246.57142857142858,132634.57142857142
2026-06-20,2173.0,656.0,1524.0,104348.58,193253.36,977.0,26332.25,169.0,38696.67,190.0,24813.92,47.0,2955.86,21.0,5232.54,635.0,114405.0,389.0,206.0,8.0,1825.4285714285713,123920.78857142858,242.42857142857142,130118.85714285714
2026-06-21,2172.0,688.0,1466.0,106075.0,179769.88,888.0,15518.02,208.0,49251.02,192.0,20162.59,73.0,10288.99,18.0,3507.28,630.0,104479.63,403.0,239.0,8.0,1826.2857142857142,126016.18857142857,242.14285714285714,131830.66142857142
2026-06-22,2851.0,866.0,2092.0,170195.45,261982.15,1428.0,82149.83,233.0,46997.48,182.0,17884.06,76.0,4977.79,24.0,5957.95,810.0,201389.63,502.0,272.0,8.0,1808.4285714285713,133280.62714285712,239.71428571428572,140115.18
2026-06-23,2898.0,775.0,2069.0,134168.7,212203.45,1404.0,38994.07,241.0,54099.21,210.0,26114.54,60.0,3122.88,30.0,2999.0,776.0,146129.96,461.0,223.0,17.0,1814.857142857143,129947.94142857143,235.14285714285714,135712.46
2026-06-24,3253.0,789.0,2337.0,156349.85,250747.12,1456.0,55169.61,253.0,47624.44,406.0,28511.4,65.0,10943.25,20.0,3986.41,863.0,160683.0,475.0,242.0,15.0,1875.2857142857142,133232.88571428572,236.57142857142858,146689.0314285714
2026-06-25,2935.0,751.0,2167.0,193200.09,330673.58,1312.0,56477.6,269.0,76887.21,318.0,38717.15,85.0,3845.98,27.0,6242.11,762.0,205908.0,448.0,241.0,20.0,1925.857142857143,141940.91999999998,234.14285714285714,152508.17428571428
2026-06-26,2947.0,797.0,2091.0,143190.15,2318466.5,1377.0,32154.52,293.0,61899.88,171.0,17124.72,86.0,13992.5,27.0,8290.41,873.0,162032.0,495.0,253.0,12.0,1963.7142857142858,143932.54571428572,239.42857142857142,156432.46
2026-06-27,2235.0,616.0,1558.0,122339.19,198941.09,913.0,19628.21,229.0,68468.82,203.0,14460.6,59.0,3174.21,24.0,7195.32,651.0,126393.0,365.0,161.0,8.0,1968.5714285714287,146502.63285714286,233.0,158145.0314285714
2026-06-28,2513.0,605.0,1682.0,126591.25,266069.84,1097.0,30117.51,163.0,51923.17,233.0,26394.43,65.0,4013.72,32.0,3432.09,655.0,158430.0,373.0,171.0,11.0,1999.4285714285713,149433.52571428573,223.28571428571428,165852.22714285715
2026-06-29,3105.0,785.0,2169.0,129812.09,886989.98,1403.0,52233.43,285.0,39083.71,264.0,15703.37,70.0,3059.5,30.0,4723.97,801.0,148101.0,490.0,242.0,12.0,2010.4285714285713,143664.47428571427,219.0,158239.5657142857
2026-06-30,3215.0,798.0,2374.0,145547.81,201115.01,1611.0,58028.86,310.0,35581.92,239.0,30038.33,54.0,3098.98,24.0,3546.55,778.0,150680.0,470.0,231.0,17.0,2054.0,145290.0614285714,220.14285714285714,158889.57142857142
2026-07-01,2825.0,775.0,2076.0,131538.61,231269.09,1332.0,30153.48,344.0,59631.15,201.0,16309.32,56.0,2672.68,15.0,13823.46,777.0,135573.0,479.0,226.0,22.0,2016.7142857142858,141745.59857142856,217.85714285714286,155302.42857142858
2026-07-02,2827.0,832.0,2293.0,146023.78,590482.93,1572.0,45773.95,259.0,60564.71,231.0,19541.74,104.0,4136.77,21.0,4815.7,847.0,163010.79,506.0,251.0,13.0,2034.7142857142858,135006.1257142857,219.28571428571428,149174.2557142857
2026-07-03,2534.0,843.0,2142.0,138696.4,202019.05,1449.0,63733.86,254.0,39095.04,207.0,15473.07,74.0,2765.6,20.0,3595.1,897.0,147825.0,521.0,245.0,15.0,2042.0,134364.16142857142,218.14285714285714,147144.6842857143
2026-07-04,2158.0,687.0,1804.0,129499.67,349658.06,1157.0,31114.39,298.0,68039.87,120.0,7798.84,83.0,11045.56,16.0,1663.88,714.0,138603.0,422.0,208.0,6.0,2077.1428571428573,135387.08714285714,224.85714285714286,148888.97
2026-07-05,2249.0,747.0,1904.0,177261.96,759537.34,1243.0,86778.87,294.0,63093.28,162.0,9971.7,87.0,10424.13,20.0,1524.35,789.0,176324.0,476.0,246.0,11.0,2108.8571428571427,142625.75999999998,235.57142857142858,151445.2557142857
2026-07-06,2696.0,779.0,2313.0,124377.33,196410.23,1531.0,45891.16,267.0,45110.24,320.0,20143.62,56.0,4637.48,37.0,1962.59,873.0,133277.0,480.0,230.0,10.0,2129.4285714285716,141849.3657142857,233.85714285714286,149327.54142857142
2026-07-07,2469.0,814.0,2083.0,200977.12,303194.8,1294.0,41745.8,353.0,116367.81,165.0,11754.73,85.0,5493.11,37.0,9861.61,857.0,211133.9,505.0,278.0,16.0,2087.8571428571427,149767.83857142858,240.57142857142858,157963.81285714285
2026-07-08,1753.0,598.0,1431.0,99144.34,170295.48,902.0,39133.39,207.0,35681.27,157.0,15227.3,63.0,2432.3,13.0,1162.55,615.0,107207.0,359.0,173.0,20.0,1995.7142857142858,145140.0857142857,233.0,153911.52714285714
2026-07-09,2515.0,818.0,2064.0,134363.68,249902.92,1401.0,49687.66,252.0,47728.13,177.0,17736.65,81.0,3646.26,28.0,5447.23,233.0,50233.0,169.0,281.0,8.0,1963.0,143474.35714285713,237.28571428571428,137800.4142857143
2026-07-10,2459.0,794.0,2016.0,134483.56,413414.74,1375.0,40471.6,250.0,54081.8,179.0,20485.33,86.0,3223.78,18.0,6615.16,749.0,136684.0,461.0,277.0,9.0,1945.0,142872.52285714287,241.85714285714286,136208.84285714285
2026-07-11,2038.0,694.0,1577.0,90265.73,399649.55,1036.0,30964.94,196.0,32717.08,143.0,10033.09,58.0,2979.74,25.0,5886.45,226.0,43951.0,157.0,245.0,17.0,1912.5714285714287,137267.67428571428,247.14285714285714,122687.12857142858
2026-07-12,2120.0,704.0,1716.0,117725.75,219727.19,950.0,34934.12,251.0,51237.57,308.0,13727.45,84.0,9898.96,11.0,754.43,510.0,95268.0,326.0,250.0,8.0,1885.7142857142858,128762.50142857143,247.71428571428572,111107.7
2026-07-13,2469.0,814.0,2015.0,165172.32,231963.49,1318.0,43938.88,289.0,71622.89,149.0,24910.37,109.0,9219.79,13.0,1149.68,782.0,181183.0,498.0,285.0,18.0,1843.142857142857,134590.35714285713,255.57142857142858,117951.41428571429
2026-07-14,2723.0,827.0,2048.0,96943.87,183322.14,1400.0,38654.09,219.0,32315.83,148.0,10108.81,110.0,4050.41,17.0,1098.12,765.0,105932.0,500.0,263.0,7.0,1838.142857142857,119728.46428571429,253.42857142857142,102922.57142857143
2026-07-15,680.0,259.0,484.0,20434.14,59472.8,367.0,11333.82,45.0,4295.58,30.0,1378.43,19.0,797.58,3.0,172.9,224.0,38546.0,141.0,86.0,4.0,1702.857142857143,108484.15,241.0,93113.85714285714
